DATE,SET,DENGUE_CASES_TARGET,DENGUE_CASES_TARGET_SCALED,MONTH_SIN,MONTH_COS,PRECIP_TOTAL_MM_LAG_12_SCALED,RH2M_PCT_LAG_12_SCALED,TEMP_MEAN_C_LAG_12_SCALED,TEMP_MAX_C_LAG_12_SCALED,TEMP_MIN_C_LAG_12_SCALED,DENGUE_CASES_LAG_12_SCALED,PRECIP_TOTAL_MM_LAG_11_SCALED,RH2M_PCT_LAG_11_SCALED,TEMP_MEAN_C_LAG_11_SCALED,TEMP_MAX_C_LAG_11_SCALED,TEMP_MIN_C_LAG_11_SCALED,DENGUE_CASES_LAG_11_SCALED,PRECIP_TOTAL_MM_LAG_10_SCALED,RH2M_PCT_LAG_10_SCALED,TEMP_MEAN_C_LAG_10_SCALED,TEMP_MAX_C_LAG_10_SCALED,TEMP_MIN_C_LAG_10_SCALED,DENGUE_CASES_LAG_10_SCALED,PRECIP_TOTAL_MM_LAG_9_SCALED,RH2M_PCT_LAG_9_SCALED,TEMP_MEAN_C_LAG_9_SCALED,TEMP_MAX_C_LAG_9_SCALED,TEMP_MIN_C_LAG_9_SCALED,DENGUE_CASES_LAG_9_SCALED,PRECIP_TOTAL_MM_LAG_8_SCALED,RH2M_PCT_LAG_8_SCALED,TEMP_MEAN_C_LAG_8_SCALED,TEMP_MAX_C_LAG_8_SCALED,TEMP_MIN_C_LAG_8_SCALED,DENGUE_CASES_LAG_8_SCALED,PRECIP_TOTAL_MM_LAG_7_SCALED,RH2M_PCT_LAG_7_SCALED,TEMP_MEAN_C_LAG_7_SCALED,TEMP_MAX_C_LAG_7_SCALED,TEMP_MIN_C_LAG_7_SCALED,DENGUE_CASES_LAG_7_SCALED,PRECIP_TOTAL_MM_LAG_6_SCALED,RH2M_PCT_LAG_6_SCALED,TEMP_MEAN_C_LAG_6_SCALED,TEMP_MAX_C_LAG_6_SCALED,TEMP_MIN_C_LAG_6_SCALED,DENGUE_CASES_LAG_6_SCALED,PRECIP_TOTAL_MM_LAG_5_SCALED,RH2M_PCT_LAG_5_SCALED,TEMP_MEAN_C_LAG_5_SCALED,TEMP_MAX_C_LAG_5_SCALED,TEMP_MIN_C_LAG_5_SCALED,DENGUE_CASES_LAG_5_SCALED,PRECIP_TOTAL_MM_LAG_4_SCALED,RH2M_PCT_LAG_4_SCALED,TEMP_MEAN_C_LAG_4_SCALED,TEMP_MAX_C_LAG_4_SCALED,TEMP_MIN_C_LAG_4_SCALED,DENGUE_CASES_LAG_4_SCALED,PRECIP_TOTAL_MM_LAG_3_SCALED,RH2M_PCT_LAG_3_SCALED,TEMP_MEAN_C_LAG_3_SCALED,TEMP_MAX_C_LAG_3_SCALED,TEMP_MIN_C_LAG_3_SCALED,DENGUE_CASES_LAG_3_SCALED,PRECIP_TOTAL_MM_LAG_2_SCALED,RH2M_PCT_LAG_2_SCALED,TEMP_MEAN_C_LAG_2_SCALED,TEMP_MAX_C_LAG_2_SCALED,TEMP_MIN_C_LAG_2_SCALED,DENGUE_CASES_LAG_2_SCALED,PRECIP_TOTAL_MM_LAG_1_SCALED,RH2M_PCT_LAG_1_SCALED,TEMP_MEAN_C_LAG_1_SCALED,TEMP_MAX_C_LAG_1_SCALED,TEMP_MIN_C_LAG_1_SCALED,DENGUE_CASES_LAG_1_SCALED
2016-01-01,TRAIN,160,0.1290322580645161,0.4999999999999999,0.8660254037844386,0.03240430069043677,0.7322404371584701,0.0,0.1277445109780438,0.3058161350844278,0.1048387096774194,0.0348275399275265,0.6567312468951817,0.1309859154929577,0.1756487025948104,0.3780487804878049,0.07258064516129033,0.06283272938755424,0.3944361649279686,0.3436619718309862,0.258150365934797,0.400562851782364,0.07741935483870968,0.04514681101716399,0.3005464480874321,0.7042253521126762,1.0,0.5600375234521576,0.02419354838709677,0.07985505301301839,0.1251862891207158,0.9408450704225354,0.729208250166334,0.8639774859287055,0.05,0.09428264662461415,0.2419274714356683,0.9661971830985917,0.500998003992016,0.9643527204502815,0.132258064516129,0.3315662327204402,0.5509190263288622,0.7126760563380282,0.479707252162342,0.7861163227016887,0.3419354838709677,0.2156757482217152,0.5434674615002487,0.7788732394366201,0.3965402528276777,0.7711069418386494,0.8725806451612903,0.136573763402377,0.6621957277694985,0.7605633802816901,0.3619427811044575,0.8405253283302064,0.9370967741935484,0.2805365424476953,0.7600596125186291,0.6154929577464792,0.4005322687957418,0.7110694183864916,0.6854838709677419,0.03752665563160799,0.7898658718330849,0.4577464788732395,0.1337325349301396,0.6031894934333959,0.414516129032258,0.4237760777822513,0.8400397416790861,0.3718309859154931,0.1689953426480372,0.5084427767354597,0.04838709677419355
2016-02-01,TRAIN,84,0.06774193548387097,0.8660254037844385,0.5000000000000001,0.0348275399275265,0.6567312468951817,0.1309859154929577,0.1756487025948104,0.3780487804878049,0.07258064516129033,0.06283272938755424,0.3944361649279686,0.3436619718309862,0.258150365934797,0.400562851782364,0.07741935483870968,0.04514681101716399,0.3005464480874321,0.7042253521126762,1.0,0.5600375234521576,0.02419354838709677,0.07985505301301839,0.1251862891207158,0.9408450704225354,0.729208250166334,0.8639774859287055,0.05,0.09428264662461415,0.2419274714356683,0.9661971830985917,0.500998003992016,0.9643527204502815,0.132258064516129,0.3315662327204402,0.5509190263288622,0.7126760563380282,0.479707252162342,0.7861163227016887,0.3419354838709677,0.2156757482217152,0.5434674615002487,0.7788732394366201,0.3965402528276777,0.7711069418386494,0.8725806451612903,0.136573763402377,0.6621957277694985,0.7605633802816901,0.3619427811044575,0.8405253283302064,0.9370967741935484,0.2805365424476953,0.7600596125186291,0.6154929577464792,0.4005322687957418,0.7110694183864916,0.6854838709677419,0.03752665563160799,0.7898658718330849,0.4577464788732395,0.1337325349301396,0.6031894934333959,0.414516129032258,0.4237760777822513,0.8400397416790861,0.3718309859154931,0.1689953426480372,0.5084427767354597,0.04838709677419355,0.04030033254298453,0.7004470938897169,0.3098591549295774,0.2022621423819028,0.4230769230769231,0.1290322580645161
2016-03-01,TRAIN,78,0.06290322580645161,1.0,6.123233995736766e-17,0.06283272938755424,0.3944361649279686,0.3436619718309862,0.258150365934797,0.400562851782364,0.07741935483870968,0.04514681101716399,0.3005464480874321,0.7042253521126762,1.0,0.5600375234521576,0.02419354838709677,0.07985505301301839,0.1251862891207158,0.9408450704225354,0.729208250166334,0.8639774859287055,0.05,0.09428264662461415,0.2419274714356683,0.9661971830985917,0.500998003992016,0.9643527204502815,0.132258064516129,0.3315662327204402,0.5509190263288622,0.7126760563380282,0.479707252162342,0.7861163227016887,0.3419354838709677,0.2156757482217152,0.5434674615002487,0.7788732394366201,0.3965402528276777,0.7711069418386494,0.8725806451612903,0.136573763402377,0.6621957277694985,0.7605633802816901,0.3619427811044575,0.8405253283302064,0.9370967741935484,0.2805365424476953,0.7600596125186291,0.6154929577464792,0.4005322687957418,0.7110694183864916,0.6854838709677419,0.03752665563160799,0.7898658718330849,0.4577464788732395,0.1337325349301396,0.6031894934333959,0.414516129032258,0.4237760777822513,0.8400397416790861,0.3718309859154931,0.1689953426480372,0.5084427767354597,0.04838709677419355,0.04030033254298453,0.7004470938897169,0.3098591549295774,0.2022621423819028,0.4230769230769231,0.1290322580645161,0.0322104415514696,0.6865375062096374,0.232394366197183,0.1949434464404524,0.4230769230769231,0.06774193548387097
2016-04-01,TRAIN,38,0.03064516129032258,0.8660254037844387,-0.4999999999999997,0.04514681101716399,0.3005464480874321,0.7042253521126762,1.0,0.5600375234521576,0.02419354838709677,0.07985505301301839,0.1251862891207158,0.9408450704225354,0.729208250166334,0.8639774859287055,0.05,0.09428264662461415,0.2419274714356683,0.9661971830985917,0.500998003992016,0.9643527204502815,0.132258064516129,0.3315662327204402,0.5509190263288622,0.7126760563380282,0.479707252162342,0.7861163227016887,0.3419354838709677,0.2156757482217152,0.5434674615002487,0.7788732394366201,0.3965402528276777,0.7711069418386494,0.8725806451612903,0.136573763402377,0.6621957277694985,0.7605633802816901,0.3619427811044575,0.8405253283302064,0.9370967741935484,0.2805365424476953,0.7600596125186291,0.6154929577464792,0.4005322687957418,0.7110694183864916,0.6854838709677419,0.03752665563160799,0.7898658718330849,0.4577464788732395,0.1337325349301396,0.6031894934333959,0.414516129032258,0.4237760777822513,0.8400397416790861,0.3718309859154931,0.1689953426480372,0.5084427767354597,0.04838709677419355,0.04030033254298453,0.7004470938897169,0.3098591549295774,0.2022621423819028,0.4230769230769231,0.1290322580645161,0.0322104415514696,0.6865375062096374,0.232394366197183,0.1949434464404524,0.4230769230769231,0.06774193548387097,0.0194753873454719,0.4207650273224048,0.5845070422535211,0.605455755156354,0.6041275797373359,0.06290322580645161
2016-05-01,TRAIN,42,0.03387096774193549,0.4999999999999999,-0.8660254037844386,0.07985505301301839,0.1251862891207158,0.9408450704225354,0.729208250166334,0.8639774859287055,0.05,0.09428264662461415,0.2419274714356683,0.9661971830985917,0.500998003992016,0.9643527204502815,0.132258064516129,0.3315662327204402,0.5509190263288622,0.7126760563380282,0.479707252162342,0.7861163227016887,0.3419354838709677,0.2156757482217152,0.5434674615002487,0.7788732394366201,0.3965402528276777,0.7711069418386494,0.8725806451612903,0.136573763402377,0.6621957277694985,0.7605633802816901,0.3619427811044575,0.8405253283302064,0.9370967741935484,0.2805365424476953,0.7600596125186291,0.6154929577464792,0.4005322687957418,0.7110694183864916,0.6854838709677419,0.03752665563160799,0.7898658718330849,0.4577464788732395,0.1337325349301396,0.6031894934333959,0.414516129032258,0.4237760777822513,0.8400397416790861,0.3718309859154931,0.1689953426480372,0.5084427767354597,0.04838709677419355,0.04030033254298453,0.7004470938897169,0.3098591549295774,0.2022621423819028,0.4230769230769231,0.1290322580645161,0.0322104415514696,0.6865375062096374,0.232394366197183,0.1949434464404524,0.4230769230769231,0.06774193548387097,0.0194753873454719,0.4207650273224048,0.5845070422535211,0.605455755156354,0.6041275797373359,0.06290322580645161,0.02253985296529921,0.0,0.9408450704225354,0.6906187624750495,0.8339587242026266,0.03064516129032258
2016-06-01,TRAIN,138,0.1112903225806452,1.224646799147353e-16,-1.0,0.09428264662461415,0.2419274714356683,0.9661971830985917,0.500998003992016,0.9643527204502815,0.132258064516129,0.3315662327204402,0.5509190263288622,0.7126760563380282,0.479707252162342,0.7861163227016887,0.3419354838709677,0.2156757482217152,0.5434674615002487,0.7788732394366201,0.3965402528276777,0.7711069418386494,0.8725806451612903,0.136573763402377,0.6621957277694985,0.7605633802816901,0.3619427811044575,0.8405253283302064,0.9370967741935484,0.2805365424476953,0.7600596125186291,0.6154929577464792,0.4005322687957418,0.7110694183864916,0.6854838709677419,0.03752665563160799,0.7898658718330849,0.4577464788732395,0.1337325349301396,0.6031894934333959,0.414516129032258,0.4237760777822513,0.8400397416790861,0.3718309859154931,0.1689953426480372,0.5084427767354597,0.04838709677419355,0.04030033254298453,0.7004470938897169,0.3098591549295774,0.2022621423819028,0.4230769230769231,0.1290322580645161,0.0322104415514696,0.6865375062096374,0.232394366197183,0.1949434464404524,0.4230769230769231,0.06774193548387097,0.0194753873454719,0.4207650273224048,0.5845070422535211,0.605455755156354,0.6041275797373359,0.06290322580645161,0.02253985296529921,0.0,0.9408450704225354,0.6906187624750495,0.8339587242026266,0.03064516129032258,0.1354478891722215,0.3015399900645804,0.942253521126761,0.5834996673320023,0.9587242026266418,0.03387096774193549
2016-07-01,TRAIN,296,0.2387096774193548,-0.4999999999999997,-0.8660254037844387,0.3315662327204402,0.5509190263288622,0.7126760563380282,0.479707252162342,0.7861163227016887,0.3419354838709677,0.2156757482217152,0.5434674615002487,0.7788732394366201,0.3965402528276777,0.7711069418386494,0.8725806451612903,0.136573763402377,0.6621957277694985,0.7605633802816901,0.3619427811044575,0.8405253283302064,0.9370967741935484,0.2805365424476953,0.7600596125186291,0.6154929577464792,0.4005322687957418,0.7110694183864916,0.6854838709677419,0.03752665563160799,0.7898658718330849,0.4577464788732395,0.1337325349301396,0.6031894934333959,0.414516129032258,0.4237760777822513,0.8400397416790861,0.3718309859154931,0.1689953426480372,0.5084427767354597,0.04838709677419355,0.04030033254298453,0.7004470938897169,0.3098591549295774,0.2022621423819028,0.4230769230769231,0.1290322580645161,0.0322104415514696,0.6865375062096374,0.232394366197183,0.1949434464404524,0.4230769230769231,0.06774193548387097,0.0194753873454719,0.4207650273224048,0.5845070422535211,0.605455755156354,0.6041275797373359,0.06290322580645161,0.02253985296529921,0.0,0.9408450704225354,0.6906187624750495,0.8339587242026266,0.03064516129032258,0.1354478891722215,0.3015399900645804,0.942253521126761,0.5834996673320023,0.9587242026266418,0.03387096774193549,0.134366751666443,0.5201192250372583,0.8394366197183102,0.419827012641384,0.956848030018762,0.1112903225806452
2016-08-01,TRAIN,714,0.5758064516129032,-0.8660254037844383,-0.5000000000000003,0.2156757482217152,0.5434674615002487,0.7788732394366201,0.3965402528276777,0.7711069418386494,0.8725806451612903,0.136573763402377,0.6621957277694985,0.7605633802816901,0.3619427811044575,0.8405253283302064,0.9370967741935484,0.2805365424476953,0.7600596125186291,0.6154929577464792,0.4005322687957418,0.7110694183864916,0.6854838709677419,0.03752665563160799,0.7898658718330849,0.4577464788732395,0.1337325349301396,0.6031894934333959,0.414516129032258,0.4237760777822513,0.8400397416790861,0.3718309859154931,0.1689953426480372,0.5084427767354597,0.04838709677419355,0.04030033254298453,0.7004470938897169,0.3098591549295774,0.2022621423819028,0.4230769230769231,0.1290322580645161,0.0322104415514696,0.6865375062096374,0.232394366197183,0.1949434464404524,0.4230769230769231,0.06774193548387097,0.0194753873454719,0.4207650273224048,0.5845070422535211,0.605455755156354,0.6041275797373359,0.06290322580645161,0.02253985296529921,0.0,0.9408450704225354,0.6906187624750495,0.8339587242026266,0.03064516129032258,0.1354478891722215,0.3015399900645804,0.942253521126761,0.5834996673320023,0.9587242026266418,0.03387096774193549,0.134366751666443,0.5201192250372583,0.8394366197183102,0.419827012641384,0.956848030018762,0.1112903225806452,0.2249138818055742,0.5017386984600101,0.8126760563380283,0.3619427811044575,0.9146341463414633,0.2387096774193548
2016-09-01,TRAIN,322,0.2596774193548387,-1.0,-1.83697019872103e-16,0.136573763402377,0.6621957277694985,0.7605633802816901,0.3619427811044575,0.8405253283302064,0.9370967741935484,0.2805365424476953,0.7600596125186291,0.6154929577464792,0.4005322687957418,0.7110694183864916,0.6854838709677419,0.03752665563160799,0.7898658718330849,0.4577464788732395,0.1337325349301396,0.6031894934333959,0.414516129032258,0.4237760777822513,0.8400397416790861,0.3718309859154931,0.1689953426480372,0.5084427767354597,0.04838709677419355,0.04030033254298453,0.7004470938897169,0.3098591549295774,0.2022621423819028,0.4230769230769231,0.1290322580645161,0.0322104415514696,0.6865375062096374,0.232394366197183,0.1949434464404524,0.4230769230769231,0.06774193548387097,0.0194753873454719,0.4207650273224048,0.5845070422535211,0.605455755156354,0.6041275797373359,0.06290322580645161,0.02253985296529921,0.0,0.9408450704225354,0.6906187624750495,0.8339587242026266,0.03064516129032258,0.1354478891722215,0.3015399900645804,0.942253521126761,0.5834996673320023,0.9587242026266418,0.03387096774193549,0.134366751666443,0.5201192250372583,0.8394366197183102,0.419827012641384,0.956848030018762,0.1112903225806452,0.2249138818055742,0.5017386984600101,0.8126760563380283,0.3619427811044575,0.9146341463414633,0.2387096774193548,0.3035461310189534,0.7620466964729258,0.7183098591549295,0.322022621423819,0.9577861163227017,0.5758064516129032
2016-10-01,TRAIN,200,0.1612903225806452,-0.8660254037844385,0.5,0.2805365424476953,0.7600596125186291,0.6154929577464792,0.4005322687957418,0.7110694183864916,0.6854838709677419,0.03752665563160799,0.7898658718330849,0.4577464788732395,0.1337325349301396,0.6031894934333959,0.414516129032258,0.4237760777822513,0.8400397416790861,0.3718309859154931,0.1689953426480372,0.5084427767354597,0.04838709677419355,0.04030033254298453,0.7004470938897169,0.3098591549295774,0.2022621423819028,0.4230769230769231,0.1290322580645161,0.0322104415514696,0.6865375062096374,0.232394366197183,0.1949434464404524,0.4230769230769231,0.06774193548387097,0.0194753873454719,0.4207650273224048,0.5845070422535211,0.605455755156354,0.6041275797373359,0.06290322580645161,0.02253985296529921,0.0,0.9408450704225354,0.6906187624750495,0.8339587242026266,0.03064516129032258,0.1354478891722215,0.3015399900645804,0.942253521126761,0.5834996673320023,0.9587242026266418,0.03387096774193549,0.134366751666443,0.5201192250372583,0.8394366197183102,0.419827012641384,0.956848030018762,0.1112903225806452,0.2249138818055742,0.5017386984600101,0.8126760563380283,0.3619427811044575,0.9146341463414633,0.2387096774193548,0.3035461310189534,0.7620466964729258,0.7183098591549295,0.322022621423819,0.9577861163227017,0.5758064516129032,0.1462518081092769,0.7009438648782914,0.7070422535211269,0.351962741184298,0.8696060037523451,0.2596774193548387
2016-11-01,TRAIN,94,0.07580645161290323,-0.5000000000000003,0.8660254037844383,0.03752665563160799,0.7898658718330849,0.4577464788732395,0.1337325349301396,0.6031894934333959,0.414516129032258,0.4237760777822513,0.8400397416790861,0.3718309859154931,0.1689953426480372,0.5084427767354597,0.04838709677419355,0.04030033254298453,0.7004470938897169,0.3098591549295774,0.2022621423819028,0.4230769230769231,0.1290322580645161,0.0322104415514696,0.6865375062096374,0.232394366197183,0.1949434464404524,0.4230769230769231,0.06774193548387097,0.0194753873454719,0.4207650273224048,0.5845070422535211,0.605455755156354,0.6041275797373359,0.06290322580645161,0.02253985296529921,0.0,0.9408450704225354,0.6906187624750495,0.8339587242026266,0.03064516129032258,0.1354478891722215,0.3015399900645804,0.942253521126761,0.5834996673320023,0.9587242026266418,0.03387096774193549,0.134366751666443,0.5201192250372583,0.8394366197183102,0.419827012641384,0.956848030018762,0.1112903225806452,0.2249138818055742,0.5017386984600101,0.8126760563380283,0.3619427811044575,0.9146341463414633,0.2387096774193548,0.3035461310189534,0.7620466964729258,0.7183098591549295,0.322022621423819,0.9577861163227017,0.5758064516129032,0.1462518081092769,0.7009438648782914,0.7070422535211269,0.351962741184298,0.8696060037523451,0.2596774193548387,0.3887845031986757,0.8628912071535021,0.6070422535211267,0.2149035262807718,0.7288930581613507,0.1612903225806452
2016-12-01,TRAIN,20,0.01612903225806452,-2.449293598294706e-16,1.0,0.4237760777822513,0.8400397416790861,0.3718309859154931,0.1689953426480372,0.5084427767354597,0.04838709677419355,0.04030033254298453,0.7004470938897169,0.3098591549295774,0.2022621423819028,0.4230769230769231,0.1290322580645161,0.0322104415514696,0.6865375062096374,0.232394366197183,0.1949434464404524,0.4230769230769231,0.06774193548387097,0.0194753873454719,0.4207650273224048,0.5845070422535211,0.605455755156354,0.6041275797373359,0.06290322580645161,0.02253985296529921,0.0,0.9408450704225354,0.6906187624750495,0.8339587242026266,0.03064516129032258,0.1354478891722215,0.3015399900645804,0.942253521126761,0.5834996673320023,0.9587242026266418,0.03387096774193549,0.134366751666443,0.5201192250372583,0.8394366197183102,0.419827012641384,0.956848030018762,0.1112903225806452,0.2249138818055742,0.5017386984600101,0.8126760563380283,0.3619427811044575,0.9146341463414633,0.2387096774193548,0.3035461310189534,0.7620466964729258,0.7183098591549295,0.322022621423819,0.9577861163227017,0.5758064516129032,0.1462518081092769,0.7009438648782914,0.7070422535211269,0.351962741184298,0.8696060037523451,0.2596774193548387,0.3887845031986757,0.8628912071535021,0.6070422535211267,0.2149035262807718,0.7288930581613507,0.1612903225806452,0.2603826481158383,0.8956780923994035,0.4295774647887326,0.1696606786427144,0.5816135084427767,0.07580645161290323
2017-01-01,TRAIN,20,0.01612903225806452,0.4999999999999999,0.8660254037844386,0.04030033254298453,0.7004470938897169,0.3098591549295774,0.2022621423819028,0.4230769230769231,0.1290322580645161,0.0322104415514696,0.6865375062096374,0.232394366197183,0.1949434464404524,0.4230769230769231,0.06774193548387097,0.0194753873454719,0.4207650273224048,0.5845070422535211,0.605455755156354,0.6041275797373359,0.06290322580645161,0.02253985296529921,0.0,0.9408450704225354,0.6906187624750495,0.8339587242026266,0.03064516129032258,0.1354478891722215,0.3015399900645804,0.942253521126761,0.5834996673320023,0.9587242026266418,0.03387096774193549,0.134366751666443,0.5201192250372583,0.8394366197183102,0.419827012641384,0.956848030018762,0.1112903225806452,0.2249138818055742,0.5017386984600101,0.8126760563380283,0.3619427811044575,0.9146341463414633,0.2387096774193548,0.3035461310189534,0.7620466964729258,0.7183098591549295,0.322022621423819,0.9577861163227017,0.5758064516129032,0.1462518081092769,0.7009438648782914,0.7070422535211269,0.351962741184298,0.8696060037523451,0.2596774193548387,0.3887845031986757,0.8628912071535021,0.6070422535211267,0.2149035262807718,0.7288930581613507,0.1612903225806452,0.2603826481158383,0.8956780923994035,0.4295774647887326,0.1696606786427144,0.5816135084427767,0.07580645161290323,0.2318033373596385,0.9791356184798807,0.3760563380281688,0.04457751164337978,0.699812382739212,0.01612903225806452
2017-02-01,TRAIN,4,0.003225806451612903,0.8660254037844385,0.5000000000000001,0.0322104415514696,0.6865375062096374,0.232394366197183,0.1949434464404524,0.4230769230769231,0.06774193548387097,0.0194753873454719,0.4207650273224048,0.5845070422535211,0.605455755156354,0.6041275797373359,0.06290322580645161,0.02253985296529921,0.0,0.9408450704225354,0.6906187624750495,0.8339587242026266,0.03064516129032258,0.1354478891722215,0.3015399900645804,0.942253521126761,0.5834996673320023,0.9587242026266418,0.03387096774193549,0.134366751666443,0.5201192250372583,0.8394366197183102,0.419827012641384,0.956848030018762,0.1112903225806452,0.2249138818055742,0.5017386984600101,0.8126760563380283,0.3619427811044575,0.9146341463414633,0.2387096774193548,0.3035461310189534,0.7620466964729258,0.7183098591549295,0.322022621423819,0.9577861163227017,0.5758064516129032,0.1462518081092769,0.7009438648782914,0.7070422535211269,0.351962741184298,0.8696060037523451,0.2596774193548387,0.3887845031986757,0.8628912071535021,0.6070422535211267,0.2149035262807718,0.7288930581613507,0.1612903225806452,0.2603826481158383,0.8956780923994035,0.4295774647887326,0.1696606786427144,0.5816135084427767,0.07580645161290323,0.2318033373596385,0.9791356184798807,0.3760563380281688,0.04457751164337978,0.699812382739212,0.01612903225806452,0.2038428846239878,0.9175360158966719,0.1408450704225352,0.03725881570192938,0.4409005628517824,0.01612903225806452
2017-03-01,TRAIN,26,0.02096774193548387,1.0,6.123233995736766e-17,0.0194753873454719,0.4207650273224048,0.5845070422535211,0.605455755156354,0.6041275797373359,0.06290322580645161,0.02253985296529921,0.0,0.9408450704225354,0.6906187624750495,0.8339587242026266,0.03064516129032258,0.1354478891722215,0.3015399900645804,0.942253521126761,0.5834996673320023,0.9587242026266418,0.03387096774193549,0.134366751666443,0.5201192250372583,0.8394366197183102,0.419827012641384,0.956848030018762,0.1112903225806452,0.2249138818055742,0.5017386984600101,0.8126760563380283,0.3619427811044575,0.9146341463414633,0.2387096774193548,0.3035461310189534,0.7620466964729258,0.7183098591549295,0.322022621423819,0.9577861163227017,0.5758064516129032,0.1462518081092769,0.7009438648782914,0.7070422535211269,0.351962741184298,0.8696060037523451,0.2596774193548387,0.3887845031986757,0.8628912071535021,0.6070422535211267,0.2149035262807718,0.7288930581613507,0.1612903225806452,0.2603826481158383,0.8956780923994035,0.4295774647887326,0.1696606786427144,0.5816135084427767,0.07580645161290323,0.2318033373596385,0.9791356184798807,0.3760563380281688,0.04457751164337978,0.699812382739212,0.01612903225806452,0.2038428846239878,0.9175360158966719,0.1408450704225352,0.03725881570192938,0.4409005628517824,0.01612903225806452,0.1261053698981494,0.8335817188276201,0.1070422535211265,0.162341982701264,0.2560975609756097,0.003225806451612903
2017-04-01,TRAIN,46,0.03709677419354838,0.8660254037844387,-0.4999999999999997,0.02253985296529921,0.0,0.9408450704225354,0.6906187624750495,0.8339587242026266,0.03064516129032258,0.1354478891722215,0.3015399900645804,0.942253521126761,0.5834996673320023,0.9587242026266418,0.03387096774193549,0.134366751666443,0.5201192250372583,0.8394366197183102,0.419827012641384,0.956848030018762,0.1112903225806452,0.2249138818055742,0.5017386984600101,0.8126760563380283,0.3619427811044575,0.9146341463414633,0.2387096774193548,0.3035461310189534,0.7620466964729258,0.7183098591549295,0.322022621423819,0.9577861163227017,0.5758064516129032,0.1462518081092769,0.7009438648782914,0.7070422535211269,0.351962741184298,0.8696060037523451,0.2596774193548387,0.3887845031986757,0.8628912071535021,0.6070422535211267,0.2149035262807718,0.7288930581613507,0.1612903225806452,0.2603826481158383,0.8956780923994035,0.4295774647887326,0.1696606786427144,0.5816135084427767,0.07580645161290323,0.2318033373596385,0.9791356184798807,0.3760563380281688,0.04457751164337978,0.699812382739212,0.01612903225806452,0.2038428846239878,0.9175360158966719,0.1408450704225352,0.03725881570192938,0.4409005628517824,0.01612903225806452,0.1261053698981494,0.8335817188276201,0.1070422535211265,0.162341982701264,0.2560975609756097,0.003225806451612903,0.04154550470481218,0.6050670640834576,0.4000000000000001,0.3366600133067198,0.4484052532833021,0.02096774193548387
2017-05-01,TRAIN,140,0.1129032258064516,0.4999999999999999,-0.8660254037844386,0.1354478891722215,0.3015399900645804,0.942253521126761,0.5834996673320023,0.9587242026266418,0.03387096774193549,0.134366751666443,0.5201192250372583,0.8394366197183102,0.419827012641384,0.956848030018762,0.1112903225806452,0.2249138818055742,0.5017386984600101,0.8126760563380283,0.3619427811044575,0.9146341463414633,0.2387096774193548,0.3035461310189534,0.7620466964729258,0.7183098591549295,0.322022621423819,0.9577861163227017,0.5758064516129032,0.1462518081092769,0.7009438648782914,0.7070422535211269,0.351962741184298,0.8696060037523451,0.2596774193548387,0.3887845031986757,0.8628912071535021,0.6070422535211267,0.2149035262807718,0.7288930581613507,0.1612903225806452,0.2603826481158383,0.8956780923994035,0.4295774647887326,0.1696606786427144,0.5816135084427767,0.07580645161290323,0.2318033373596385,0.9791356184798807,0.3760563380281688,0.04457751164337978,0.699812382739212,0.01612903225806452,0.2038428846239878,0.9175360158966719,0.1408450704225352,0.03725881570192938,0.4409005628517824,0.01612903225806452,0.1261053698981494,0.8335817188276201,0.1070422535211265,0.162341982701264,0.2560975609756097,0.003225806451612903,0.04154550470481218,0.6050670640834576,0.4000000000000001,0.3366600133067198,0.4484052532833021,0.02096774193548387,0.02978720231437988,0.3884749130650772,0.7084507042253525,0.456420492348636,0.477485928705441,0.03709677419354838
2017-06-01,TRAIN,200,0.1612903225806452,1.224646799147353e-16,-1.0,0.134366751666443,0.5201192250372583,0.8394366197183102,0.419827012641384,0.956848030018762,0.1112903225806452,0.2249138818055742,0.5017386984600101,0.8126760563380283,0.3619427811044575,0.9146341463414633,0.2387096774193548,0.3035461310189534,0.7620466964729258,0.7183098591549295,0.322022621423819,0.9577861163227017,0.5758064516129032,0.1462518081092769,0.7009438648782914,0.7070422535211269,0.351962741184298,0.8696060037523451,0.2596774193548387,0.3887845031986757,0.8628912071535021,0.6070422535211267,0.2149035262807718,0.7288930581613507,0.1612903225806452,0.2603826481158383,0.8956780923994035,0.4295774647887326,0.1696606786427144,0.5816135084427767,0.07580645161290323,0.2318033373596385,0.9791356184798807,0.3760563380281688,0.04457751164337978,0.699812382739212,0.01612903225806452,0.2038428846239878,0.9175360158966719,0.1408450704225352,0.03725881570192938,0.4409005628517824,0.01612903225806452,0.1261053698981494,0.8335817188276201,0.1070422535211265,0.162341982701264,0.2560975609756097,0.003225806451612903,0.04154550470481218,0.6050670640834576,0.4000000000000001,0.3366600133067198,0.4484052532833021,0.02096774193548387,0.02978720231437988,0.3884749130650772,0.7084507042253525,0.456420492348636,0.477485928705441,0.03709677419354838,0.251420390998971,0.4823646299056137,0.8507042253521128,0.4211576846307384,0.899624765478424,0.1129032258064516
2017-07-01,TRAIN,26,0.02096774193548387,-0.4999999999999997,-0.8660254037844387,0.2249138818055742,0.5017386984600101,0.8126760563380283,0.3619427811044575,0.9146341463414633,0.2387096774193548,0.3035461310189534,0.7620466964729258,0.7183098591549295,0.322022621423819,0.9577861163227017,0.5758064516129032,0.1462518081092769,0.7009438648782914,0.7070422535211269,0.351962741184298,0.8696060037523451,0.2596774193548387,0.3887845031986757,0.8628912071535021,0.6070422535211267,0.2149035262807718,0.7288930581613507,0.1612903225806452,0.2603826481158383,0.8956780923994035,0.4295774647887326,0.1696606786427144,0.5816135084427767,0.07580645161290323,0.2318033373596385,0.9791356184798807,0.3760563380281688,0.04457751164337978,0.699812382739212,0.01612903225806452,0.2038428846239878,0.9175360158966719,0.1408450704225352,0.03725881570192938,0.4409005628517824,0.01612903225806452,0.1261053698981494,0.8335817188276201,0.1070422535211265,0.162341982701264,0.2560975609756097,0.003225806451612903,0.04154550470481218,0.6050670640834576,0.4000000000000001,0.3366600133067198,0.4484052532833021,0.02096774193548387,0.02978720231437988,0.3884749130650772,0.7084507042253525,0.456420492348636,0.477485928705441,0.03709677419354838,0.251420390998971,0.4823646299056137,0.8507042253521128,0.4211576846307384,0.899624765478424,0.1129032258064516,0.1406298930792287,0.5792349726775959,0.8211267605633803,0.3479707252162342,0.9099437148217638,0.1612903225806452
2017-08-01,TRAIN,0,0.0,-0.8660254037844383,-0.5000000000000003,0.3035461310189534,0.7620466964729258,0.7183098591549295,0.322022621423819,0.9577861163227017,0.5758064516129032,0.1462518081092769,0.7009438648782914,0.7070422535211269,0.351962741184298,0.8696060037523451,0.2596774193548387,0.3887845031986757,0.8628912071535021,0.6070422535211267,0.2149035262807718,0.7288930581613507,0.1612903225806452,0.2603826481158383,0.8956780923994035,0.4295774647887326,0.1696606786427144,0.5816135084427767,0.07580645161290323,0.2318033373596385,0.9791356184798807,0.3760563380281688,0.04457751164337978,0.699812382739212,0.01612903225806452,0.2038428846239878,0.9175360158966719,0.1408450704225352,0.03725881570192938,0.4409005628517824,0.01612903225806452,0.1261053698981494,0.8335817188276201,0.1070422535211265,0.162341982701264,0.2560975609756097,0.003225806451612903,0.04154550470481218,0.6050670640834576,0.4000000000000001,0.3366600133067198,0.4484052532833021,0.02096774193548387,0.02978720231437988,0.3884749130650772,0.7084507042253525,0.456420492348636,0.477485928705441,0.03709677419354838,0.251420390998971,0.4823646299056137,0.8507042253521128,0.4211576846307384,0.899624765478424,0.1129032258064516,0.1406298930792287,0.5792349726775959,0.8211267605633803,0.3479707252162342,0.9099437148217638,0.1612903225806452,0.3298662371941127,0.7322404371584701,0.6985915492957749,0.2461743180306054,0.9577861163227017,0.02096774193548387
2017-09-01,TRAIN,0,0.0,-1.0,-1.83697019872103e-16,0.1462518081092769,0.7009438648782914,0.7070422535211269,0.351962741184298,0.8696060037523451,0.2596774193548387,0.3887845031986757,0.8628912071535021,0.6070422535211267,0.2149035262807718,0.7288930581613507,0.1612903225806452,0.2603826481158383,0.8956780923994035,0.4295774647887326,0.1696606786427144,0.5816135084427767,0.07580645161290323,0.2318033373596385,0.9791356184798807,0.3760563380281688,0.04457751164337978,0.699812382739212,0.01612903225806452,0.2038428846239878,0.9175360158966719,0.1408450704225352,0.03725881570192938,0.4409005628517824,0.01612903225806452,0.1261053698981494,0.8335817188276201,0.1070422535211265,0.162341982701264,0.2560975609756097,0.003225806451612903,0.04154550470481218,0.6050670640834576,0.4000000000000001,0.3366600133067198,0.4484052532833021,0.02096774193548387,0.02978720231437988,0.3884749130650772,0.7084507042253525,0.456420492348636,0.477485928705441,0.03709677419354838,0.251420390998971,0.4823646299056137,0.8507042253521128,0.4211576846307384,0.899624765478424,0.1129032258064516,0.1406298930792287,0.5792349726775959,0.8211267605633803,0.3479707252162342,0.9099437148217638,0.1612903225806452,0.3298662371941127,0.7322404371584701,0.6985915492957749,0.2461743180306054,0.9577861163227017,0.02096774193548387,0.2273967700085,0.6736214605067062,0.7690140845070426,0.3153692614770458,0.8761726078799249,0.0
2017-10-01,TRAIN,0,0.0,-0.8660254037844385,0.5,0.3887845031986757,0.8628912071535021,0.6070422535211267,0.2149035262807718,0.7288930581613507,0.1612903225806452,0.2603826481158383,0.8956780923994035,0.4295774647887326,0.1696606786427144,0.5816135084427767,0.07580645161290323,0.2318033373596385,0.9791356184798807,0.3760563380281688,0.04457751164337978,0.699812382739212,0.01612903225806452,0.2038428846239878,0.9175360158966719,0.1408450704225352,0.03725881570192938,0.4409005628517824,0.01612903225806452,0.1261053698981494,0.8335817188276201,0.1070422535211265,0.162341982701264,0.2560975609756097,0.003225806451612903,0.04154550470481218,0.6050670640834576,0.4000000000000001,0.3366600133067198,0.4484052532833021,0.02096774193548387,0.02978720231437988,0.3884749130650772,0.7084507042253525,0.456420492348636,0.477485928705441,0.03709677419354838,0.251420390998971,0.4823646299056137,0.8507042253521128,0.4211576846307384,0.899624765478424,0.1129032258064516,0.1406298930792287,0.5792349726775959,0.8211267605633803,0.3479707252162342,0.9099437148217638,0.1612903225806452,0.3298662371941127,0.7322404371584701,0.6985915492957749,0.2461743180306054,0.9577861163227017,0.02096774193548387,0.2273967700085,0.6736214605067062,0.7690140845070426,0.3153692614770458,0.8761726078799249,0.0,0.1374834101313769,0.7466467958271233,0.7366197183098594,0.341317365269461,0.9371482176360226,0.0
2017-11-01,TRAIN,0,0.0,-0.5000000000000003,0.8660254037844383,0.2603826481158383,0.8956780923994035,0.4295774647887326,0.1696606786427144,0.5816135084427767,0.07580645161290323,0.2318033373596385,0.9791356184798807,0.3760563380281688,0.04457751164337978,0.699812382739212,0.01612903225806452,0.2038428846239878,0.9175360158966719,0.1408450704225352,0.03725881570192938,0.4409005628517824,0.01612903225806452,0.1261053698981494,0.8335817188276201,0.1070422535211265,0.162341982701264,0.2560975609756097,0.003225806451612903,0.04154550470481218,0.6050670640834576,0.4000000000000001,0.3366600133067198,0.4484052532833021,0.02096774193548387,0.02978720231437988,0.3884749130650772,0.7084507042253525,0.456420492348636,0.477485928705441,0.03709677419354838,0.251420390998971,0.4823646299056137,0.8507042253521128,0.4211576846307384,0.899624765478424,0.1129032258064516,0.1406298930792287,0.5792349726775959,0.8211267605633803,0.3479707252162342,0.9099437148217638,0.1612903225806452,0.3298662371941127,0.7322404371584701,0.6985915492957749,0.2461743180306054,0.9577861163227017,0.02096774193548387,0.2273967700085,0.6736214605067062,0.7690140845070426,0.3153692614770458,0.8761726078799249,0.0,0.1374834101313769,0.7466467958271233,0.7366197183098594,0.341317365269461,0.9371482176360226,0.0,0.2314081629609747,0.8410332836562344,0.5816901408450704,0.3293413173652694,0.6960600375234522,0.0
2017-12-01,TRAIN,0,0.0,-2.449293598294706e-16,1.0,0.2318033373596385,0.9791356184798807,0.3760563380281688,0.04457751164337978,0.699812382739212,0.01612903225806452,0.2038428846239878,0.9175360158966719,0.1408450704225352,0.03725881570192938,0.4409005628517824,0.01612903225806452,0.1261053698981494,0.8335817188276201,0.1070422535211265,0.162341982701264,0.2560975609756097,0.003225806451612903,0.04154550470481218,0.6050670640834576,0.4000000000000001,0.3366600133067198,0.4484052532833021,0.02096774193548387,0.02978720231437988,0.3884749130650772,0.7084507042253525,0.456420492348636,0.477485928705441,0.03709677419354838,0.251420390998971,0.4823646299056137,0.8507042253521128,0.4211576846307384,0.899624765478424,0.1129032258064516,0.1406298930792287,0.5792349726775959,0.8211267605633803,0.3479707252162342,0.9099437148217638,0.1612903225806452,0.3298662371941127,0.7322404371584701,0.6985915492957749,0.2461743180306054,0.9577861163227017,0.02096774193548387,0.2273967700085,0.6736214605067062,0.7690140845070426,0.3153692614770458,0.8761726078799249,0.0,0.1374834101313769,0.7466467958271233,0.7366197183098594,0.341317365269461,0.9371482176360226,0.0,0.2314081629609747,0.8410332836562344,0.5816901408450704,0.3293413173652694,0.6960600375234522,0.0,0.3284943109798834,0.9582712369597614,0.5183098591549297,0.176979374584165,0.8911819887429643,0.0
2018-01-01,TRAIN,178,0.1435483870967742,0.4999999999999999,0.8660254037844386,0.2038428846239878,0.9175360158966719,0.1408450704225352,0.03725881570192938,0.4409005628517824,0.01612903225806452,0.1261053698981494,0.8335817188276201,0.1070422535211265,0.162341982701264,0.2560975609756097,0.003225806451612903,0.04154550470481218,0.6050670640834576,0.4000000000000001,0.3366600133067198,0.4484052532833021,0.02096774193548387,0.02978720231437988,0.3884749130650772,0.7084507042253525,0.456420492348636,0.477485928705441,0.03709677419354838,0.251420390998971,0.4823646299056137,0.8507042253521128,0.4211576846307384,0.899624765478424,0.1129032258064516,0.1406298930792287,0.5792349726775959,0.8211267605633803,0.3479707252162342,0.9099437148217638,0.1612903225806452,0.3298662371941127,0.7322404371584701,0.6985915492957749,0.2461743180306054,0.9577861163227017,0.02096774193548387,0.2273967700085,0.6736214605067062,0.7690140845070426,0.3153692614770458,0.8761726078799249,0.0,0.1374834101313769,0.7466467958271233,0.7366197183098594,0.341317365269461,0.9371482176360226,0.0,0.2314081629609747,0.8410332836562344,0.5816901408450704,0.3293413173652694,0.6960600375234522,0.0,0.3284943109798834,0.9582712369597614,0.5183098591549297,0.176979374584165,0.8911819887429643,0.0,0.136044378830582,0.942871336313959,0.2788732394366198,0.0878243512974052,0.5534709193245778,0.0
2018-02-01,TRAIN,132,0.1064516129032258,0.8660254037844385,0.5000000000000001,0.1261053698981494,0.8335817188276201,0.1070422535211265,0.162341982701264,0.2560975609756097,0.003225806451612903,0.04154550470481218,0.6050670640834576,0.4000000000000001,0.3366600133067198,0.4484052532833021,0.02096774193548387,0.02978720231437988,0.3884749130650772,0.7084507042253525,0.456420492348636,0.477485928705441,0.03709677419354838,0.251420390998971,0.4823646299056137,0.8507042253521128,0.4211576846307384,0.899624765478424,0.1129032258064516,0.1406298930792287,0.5792349726775959,0.8211267605633803,0.3479707252162342,0.9099437148217638,0.1612903225806452,0.3298662371941127,0.7322404371584701,0.6985915492957749,0.2461743180306054,0.9577861163227017,0.02096774193548387,0.2273967700085,0.6736214605067062,0.7690140845070426,0.3153692614770458,0.8761726078799249,0.0,0.1374834101313769,0.7466467958271233,0.7366197183098594,0.341317365269461,0.9371482176360226,0.0,0.2314081629609747,0.8410332836562344,0.5816901408450704,0.3293413173652694,0.6960600375234522,0.0,0.3284943109798834,0.9582712369597614,0.5183098591549297,0.176979374584165,0.8911819887429643,0.0,0.136044378830582,0.942871336313959,0.2788732394366198,0.0878243512974052,0.5534709193245778,0.0,0.07333094737469989,0.8395429706905115,0.2408450704225354,0.1510312707917498,0.4615384615384616,0.1435483870967742
2018-03-01,TRAIN,120,0.0967741935483871,1.0,6.123233995736766e-17,0.04154550470481218,0.6050670640834576,0.4000000000000001,0.3366600133067198,0.4484052532833021,0.02096774193548387,0.02978720231437988,0.3884749130650772,0.7084507042253525,0.456420492348636,0.477485928705441,0.03709677419354838,0.251420390998971,0.4823646299056137,0.8507042253521128,0.4211576846307384,0.899624765478424,0.1129032258064516,0.1406298930792287,0.5792349726775959,0.8211267605633803,0.3479707252162342,0.9099437148217638,0.1612903225806452,0.3298662371941127,0.7322404371584701,0.6985915492957749,0.2461743180306054,0.9577861163227017,0.02096774193548387,0.2273967700085,0.6736214605067062,0.7690140845070426,0.3153692614770458,0.8761726078799249,0.0,0.1374834101313769,0.7466467958271233,0.7366197183098594,0.341317365269461,0.9371482176360226,0.0,0.2314081629609747,0.8410332836562344,0.5816901408450704,0.3293413173652694,0.6960600375234522,0.0,0.3284943109798834,0.9582712369597614,0.5183098591549297,0.176979374584165,0.8911819887429643,0.0,0.136044378830582,0.942871336313959,0.2788732394366198,0.0878243512974052,0.5534709193245778,0.0,0.07333094737469989,0.8395429706905115,0.2408450704225354,0.1510312707917498,0.4615384615384616,0.1435483870967742,0.04177664444742689,0.7123695976154991,0.2929577464788731,0.226214238190286,0.4971857410881801,0.1064516129032258
2018-04-01,TRAIN,76,0.06129032258064516,0.8660254037844387,-0.4999999999999997,0.02978720231437988,0.3884749130650772,0.7084507042253525,0.456420492348636,0.477485928705441,0.03709677419354838,0.251420390998971,0.4823646299056137,0.8507042253521128,0.4211576846307384,0.899624765478424,0.1129032258064516,0.1406298930792287,0.5792349726775959,0.8211267605633803,0.3479707252162342,0.9099437148217638,0.1612903225806452,0.3298662371941127,0.7322404371584701,0.6985915492957749,0.2461743180306054,0.9577861163227017,0.02096774193548387,0.2273967700085,0.6736214605067062,0.7690140845070426,0.3153692614770458,0.8761726078799249,0.0,0.1374834101313769,0.7466467958271233,0.7366197183098594,0.341317365269461,0.9371482176360226,0.0,0.2314081629609747,0.8410332836562344,0.5816901408450704,0.3293413173652694,0.6960600375234522,0.0,0.3284943109798834,0.9582712369597614,0.5183098591549297,0.176979374584165,0.8911819887429643,0.0,0.136044378830582,0.942871336313959,0.2788732394366198,0.0878243512974052,0.5534709193245778,0.0,0.07333094737469989,0.8395429706905115,0.2408450704225354,0.1510312707917498,0.4615384615384616,0.1435483870967742,0.04177664444742689,0.7123695976154991,0.2929577464788731,0.226214238190286,0.4971857410881801,0.1064516129032258,0.01134075962957992,0.4689518132141087,0.3718309859154931,0.3486360612109114,0.4080675422138837,0.0967741935483871
2018-05-01,TRAIN,110,0.08870967741935484,0.4999999999999999,-0.8660254037844386,0.251420390998971,0.4823646299056137,0.8507042253521128,0.4211576846307384,0.899624765478424,0.1129032258064516,0.1406298930792287,0.5792349726775959,0.8211267605633803,0.3479707252162342,0.9099437148217638,0.1612903225806452,0.3298662371941127,0.7322404371584701,0.6985915492957749,0.2461743180306054,0.9577861163227017,0.02096774193548387,0.2273967700085,0.6736214605067062,0.7690140845070426,0.3153692614770458,0.8761726078799249,0.0,0.1374834101313769,0.7466467958271233,0.7366197183098594,0.341317365269461,0.9371482176360226,0.0,0.2314081629609747,0.8410332836562344,0.5816901408450704,0.3293413173652694,0.6960600375234522,0.0,0.3284943109798834,0.9582712369597614,0.5183098591549297,0.176979374584165,0.8911819887429643,0.0,0.136044378830582,0.942871336313959,0.2788732394366198,0.0878243512974052,0.5534709193245778,0.0,0.07333094737469989,0.8395429706905115,0.2408450704225354,0.1510312707917498,0.4615384615384616,0.1435483870967742,0.04177664444742689,0.7123695976154991,0.2929577464788731,0.226214238190286,0.4971857410881801,0.1064516129032258,0.01134075962957992,0.4689518132141087,0.3718309859154931,0.3486360612109114,0.4080675422138837,0.0967741935483871,0.0721528802994378,0.356681569796324,0.7056338028169014,0.4071856287425148,0.525328330206379,0.06129032258064516
2018-06-01,TRAIN,334,0.2693548387096774,1.224646799147353e-16,-1.0,0.1406298930792287,0.5792349726775959,0.8211267605633803,0.3479707252162342,0.9099437148217638,0.1612903225806452,0.3298662371941127,0.7322404371584701,0.6985915492957749,0.2461743180306054,0.9577861163227017,0.02096774193548387,0.2273967700085,0.6736214605067062,0.7690140845070426,0.3153692614770458,0.8761726078799249,0.0,0.1374834101313769,0.7466467958271233,0.7366197183098594,0.341317365269461,0.9371482176360226,0.0,0.2314081629609747,0.8410332836562344,0.5816901408450704,0.3293413173652694,0.6960600375234522,0.0,0.3284943109798834,0.9582712369597614,0.5183098591549297,0.176979374584165,0.8911819887429643,0.0,0.136044378830582,0.942871336313959,0.2788732394366198,0.0878243512974052,0.5534709193245778,0.0,0.07333094737469989,0.8395429706905115,0.2408450704225354,0.1510312707917498,0.4615384615384616,0.1435483870967742,0.04177664444742689,0.7123695976154991,0.2929577464788731,0.226214238190286,0.4971857410881801,0.1064516129032258,0.01134075962957992,0.4689518132141087,0.3718309859154931,0.3486360612109114,0.4080675422138837,0.0967741935483871,0.0721528802994378,0.356681569796324,0.7056338028169014,0.4071856287425148,0.525328330206379,0.06129032258064516,0.0796462816325922,0.1867858917039247,0.9563380281690143,0.5063206919494344,0.8827392120075047,0.08870967741935484
2018-07-01,TRAIN,570,0.4596774193548387,-0.4999999999999997,-0.8660254037844387,0.3298662371941127,0.7322404371584701,0.6985915492957749,0.2461743180306054,0.9577861163227017,0.02096774193548387,0.2273967700085,0.6736214605067062,0.7690140845070426,0.3153692614770458,0.8761726078799249,0.0,0.1374834101313769,0.7466467958271233,0.7366197183098594,0.341317365269461,0.9371482176360226,0.0,0.2314081629609747,0.8410332836562344,0.5816901408450704,0.3293413173652694,0.6960600375234522,0.0,0.3284943109798834,0.9582712369597614,0.5183098591549297,0.176979374584165,0.8911819887429643,0.0,0.136044378830582,0.942871336313959,0.2788732394366198,0.0878243512974052,0.5534709193245778,0.0,0.07333094737469989,0.8395429706905115,0.2408450704225354,0.1510312707917498,0.4615384615384616,0.1435483870967742,0.04177664444742689,0.7123695976154991,0.2929577464788731,0.226214238190286,0.4971857410881801,0.1064516129032258,0.01134075962957992,0.4689518132141087,0.3718309859154931,0.3486360612109114,0.4080675422138837,0.0967741935483871,0.0721528802994378,0.356681569796324,0.7056338028169014,0.4071856287425148,0.525328330206379,0.06129032258064516,0.0796462816325922,0.1867858917039247,0.9563380281690143,0.5063206919494344,0.8827392120075047,0.08870967741935484,0.2142292608001909,0.5623447590660706,0.8084507042253521,0.454424484364604,0.8499061913696062,0.2693548387096774
2018-08-01,TRAIN,896,0.7225806451612903,-0.8660254037844383,-0.5000000000000003,0.2273967700085,0.6736214605067062,0.7690140845070426,0.3153692614770458,0.8761726078799249,0.0,0.1374834101313769,0.7466467958271233,0.7366197183098594,0.341317365269461,0.9371482176360226,0.0,0.2314081629609747,0.8410332836562344,0.5816901408450704,0.3293413173652694,0.6960600375234522,0.0,0.3284943109798834,0.9582712369597614,0.5183098591549297,0.176979374584165,0.8911819887429643,0.0,0.136044378830582,0.942871336313959,0.2788732394366198,0.0878243512974052,0.5534709193245778,0.0,0.07333094737469989,0.8395429706905115,0.2408450704225354,0.1510312707917498,0.4615384615384616,0.1435483870967742,0.04177664444742689,0.7123695976154991,0.2929577464788731,0.226214238190286,0.4971857410881801,0.1064516129032258,0.01134075962957992,0.4689518132141087,0.3718309859154931,0.3486360612109114,0.4080675422138837,0.0967741935483871,0.0721528802994378,0.356681569796324,0.7056338028169014,0.4071856287425148,0.525328330206379,0.06129032258064516,0.0796462816325922,0.1867858917039247,0.9563380281690143,0.5063206919494344,0.8827392120075047,0.08870967741935484,0.2142292608001909,0.5623447590660706,0.8084507042253521,0.454424484364604,0.8499061913696062,0.2693548387096774,0.3892467826839052,0.7694982613015401,0.6957746478873243,0.2614770459081836,0.9071294559099439,0.4596774193548387
2018-09-01,TRAIN,1108,0.8935483870967742,-1.0,-1.83697019872103e-16,0.1374834101313769,0.7466467958271233,0.7366197183098594,0.341317365269461,0.9371482176360226,0.0,0.2314081629609747,0.8410332836562344,0.5816901408450704,0.3293413173652694,0.6960600375234522,0.0,0.3284943109798834,0.9582712369597614,0.5183098591549297,0.176979374584165,0.8911819887429643,0.0,0.136044378830582,0.942871336313959,0.2788732394366198,0.0878243512974052,0.5534709193245778,0.0,0.07333094737469989,0.8395429706905115,0.2408450704225354,0.1510312707917498,0.4615384615384616,0.1435483870967742,0.04177664444742689,0.7123695976154991,0.2929577464788731,0.226214238190286,0.4971857410881801,0.1064516129032258,0.01134075962957992,0.4689518132141087,0.3718309859154931,0.3486360612109114,0.4080675422138837,0.0967741935483871,0.0721528802994378,0.356681569796324,0.7056338028169014,0.4071856287425148,0.525328330206379,0.06129032258064516,0.0796462816325922,0.1867858917039247,0.9563380281690143,0.5063206919494344,0.8827392120075047,0.08870967741935484,0.2142292608001909,0.5623447590660706,0.8084507042253521,0.454424484364604,0.8499061913696062,0.2693548387096774,0.3892467826839052,0.7694982613015401,0.6957746478873243,0.2614770459081836,0.9071294559099439,0.4596774193548387,0.3792854053892841,0.8166915052160956,0.6676056338028169,0.4617431803060544,0.8977485928705441,0.7225806451612903
2018-10-01,TRAIN,598,0.482258064516129,-0.8660254037844385,0.5,0.2314081629609747,0.8410332836562344,0.5816901408450704,0.3293413173652694,0.6960600375234522,0.0,0.3284943109798834,0.9582712369597614,0.5183098591549297,0.176979374584165,0.8911819887429643,0.0,0.136044378830582,0.942871336313959,0.2788732394366198,0.0878243512974052,0.5534709193245778,0.0,0.07333094737469989,0.8395429706905115,0.2408450704225354,0.1510312707917498,0.4615384615384616,0.1435483870967742,0.04177664444742689,0.7123695976154991,0.2929577464788731,0.226214238190286,0.4971857410881801,0.1064516129032258,0.01134075962957992,0.4689518132141087,0.3718309859154931,0.3486360612109114,0.4080675422138837,0.0967741935483871,0.0721528802994378,0.356681569796324,0.7056338028169014,0.4071856287425148,0.525328330206379,0.06129032258064516,0.0796462816325922,0.1867858917039247,0.9563380281690143,0.5063206919494344,0.8827392120075047,0.08870967741935484,0.2142292608001909,0.5623447590660706,0.8084507042253521,0.454424484364604,0.8499061913696062,0.2693548387096774,0.3892467826839052,0.7694982613015401,0.6957746478873243,0.2614770459081836,0.9071294559099439,0.4596774193548387,0.3792854053892841,0.8166915052160956,0.6676056338028169,0.4617431803060544,0.8977485928705441,0.7225806451612903,0.3197259130019833,0.6587183308494783,0.7197183098591551,0.3393213572854289,0.899624765478424,0.8935483870967742
2018-11-01,TRAIN,30,0.02419354838709677,-0.5000000000000003,0.8660254037844383,0.3284943109798834,0.9582712369597614,0.5183098591549297,0.176979374584165,0.8911819887429643,0.0,0.136044378830582,0.942871336313959,0.2788732394366198,0.0878243512974052,0.5534709193245778,0.0,0.07333094737469989,0.8395429706905115,0.2408450704225354,0.1510312707917498,0.4615384615384616,0.1435483870967742,0.04177664444742689,0.7123695976154991,0.2929577464788731,0.226214238190286,0.4971857410881801,0.1064516129032258,0.01134075962957992,0.4689518132141087,0.3718309859154931,0.3486360612109114,0.4080675422138837,0.0967741935483871,0.0721528802994378,0.356681569796324,0.7056338028169014,0.4071856287425148,0.525328330206379,0.06129032258064516,0.0796462816325922,0.1867858917039247,0.9563380281690143,0.5063206919494344,0.8827392120075047,0.08870967741935484,0.2142292608001909,0.5623447590660706,0.8084507042253521,0.454424484364604,0.8499061913696062,0.2693548387096774,0.3892467826839052,0.7694982613015401,0.6957746478873243,0.2614770459081836,0.9071294559099439,0.4596774193548387,0.3792854053892841,0.8166915052160956,0.6676056338028169,0.4617431803060544,0.8977485928705441,0.7225806451612903,0.3197259130019833,0.6587183308494783,0.7197183098591551,0.3393213572854289,0.899624765478424,0.8935483870967742,0.1518886353807841,0.661698956780924,0.5760563380281691,0.2661343978709248,0.4155722326454034,0.482258064516129
2018-12-01,TRAIN,36,0.02903225806451613,-2.449293598294706e-16,1.0,0.136044378830582,0.942871336313959,0.2788732394366198,0.0878243512974052,0.5534709193245778,0.0,0.07333094737469989,0.8395429706905115,0.2408450704225354,0.1510312707917498,0.4615384615384616,0.1435483870967742,0.04177664444742689,0.7123695976154991,0.2929577464788731,0.226214238190286,0.4971857410881801,0.1064516129032258,0.01134075962957992,0.4689518132141087,0.3718309859154931,0.3486360612109114,0.4080675422138837,0.0967741935483871,0.0721528802994378,0.356681569796324,0.7056338028169014,0.4071856287425148,0.525328330206379,0.06129032258064516,0.0796462816325922,0.1867858917039247,0.9563380281690143,0.5063206919494344,0.8827392120075047,0.08870967741935484,0.2142292608001909,0.5623447590660706,0.8084507042253521,0.454424484364604,0.8499061913696062,0.2693548387096774,0.3892467826839052,0.7694982613015401,0.6957746478873243,0.2614770459081836,0.9071294559099439,0.4596774193548387,0.3792854053892841,0.8166915052160956,0.6676056338028169,0.4617431803060544,0.8977485928705441,0.7225806451612903,0.3197259130019833,0.6587183308494783,0.7197183098591551,0.3393213572854289,0.899624765478424,0.8935483870967742,0.1518886353807841,0.661698956780924,0.5760563380281691,0.2661343978709248,0.4155722326454034,0.482258064516129,0.03246394965627283,0.7516145057128665,0.428169014084507,0.1636726546906186,0.6050656660412759,0.02419354838709677
2019-01-01,TRAIN,990,0.7983870967741935,0.4999999999999999,0.8660254037844386,0.07333094737469989,0.8395429706905115,0.2408450704225354,0.1510312707917498,0.4615384615384616,0.1435483870967742,0.04177664444742689,0.7123695976154991,0.2929577464788731,0.226214238190286,0.4971857410881801,0.1064516129032258,0.01134075962957992,0.4689518132141087,0.3718309859154931,0.3486360612109114,0.4080675422138837,0.0967741935483871,0.0721528802994378,0.356681569796324,0.7056338028169014,0.4071856287425148,0.525328330206379,0.06129032258064516,0.0796462816325922,0.1867858917039247,0.9563380281690143,0.5063206919494344,0.8827392120075047,0.08870967741935484,0.2142292608001909,0.5623447590660706,0.8084507042253521,0.454424484364604,0.8499061913696062,0.2693548387096774,0.3892467826839052,0.7694982613015401,0.6957746478873243,0.2614770459081836,0.9071294559099439,0.4596774193548387,0.3792854053892841,0.8166915052160956,0.6676056338028169,0.4617431803060544,0.8977485928705441,0.7225806451612903,0.3197259130019833,0.6587183308494783,0.7197183098591551,0.3393213572854289,0.899624765478424,0.8935483870967742,0.1518886353807841,0.661698956780924,0.5760563380281691,0.2661343978709248,0.4155722326454034,0.482258064516129,0.03246394965627283,0.7516145057128665,0.428169014084507,0.1636726546906186,0.6050656660412759,0.02419354838709677,0.1248154610119447,0.8330849478390463,0.3338028169014087,0.121756487025948,0.6041275797373359,0.02903225806451613
2019-02-01,TRAIN,296,0.2387096774193548,0.8660254037844385,0.5000000000000001,0.04177664444742689,0.7123695976154991,0.2929577464788731,0.226214238190286,0.4971857410881801,0.1064516129032258,0.01134075962957992,0.4689518132141087,0.3718309859154931,0.3486360612109114,0.4080675422138837,0.0967741935483871,0.0721528802994378,0.356681569796324,0.7056338028169014,0.4071856287425148,0.525328330206379,0.06129032258064516,0.0796462816325922,0.1867858917039247,0.9563380281690143,0.5063206919494344,0.8827392120075047,0.08870967741935484,0.2142292608001909,0.5623447590660706,0.8084507042253521,0.454424484364604,0.8499061913696062,0.2693548387096774,0.3892467826839052,0.7694982613015401,0.6957746478873243,0.2614770459081836,0.9071294559099439,0.4596774193548387,0.3792854053892841,0.8166915052160956,0.6676056338028169,0.4617431803060544,0.8977485928705441,0.7225806451612903,0.3197259130019833,0.6587183308494783,0.7197183098591551,0.3393213572854289,0.899624765478424,0.8935483870967742,0.1518886353807841,0.661698956780924,0.5760563380281691,0.2661343978709248,0.4155722326454034,0.482258064516129,0.03246394965627283,0.7516145057128665,0.428169014084507,0.1636726546906186,0.6050656660412759,0.02419354838709677,0.1248154610119447,0.8330849478390463,0.3338028169014087,0.121756487025948,0.6041275797373359,0.02903225806451613,0.07981777240937085,0.7908594138102332,0.0816901408450702,0.0,0.0,0.7983870967741935
2019-03-01,TRAIN,214,0.1725806451612903,1.0,6.123233995736766e-17,0.01134075962957992,0.4689518132141087,0.3718309859154931,0.3486360612109114,0.4080675422138837,0.0967741935483871,0.0721528802994378,0.356681569796324,0.7056338028169014,0.4071856287425148,0.525328330206379,0.06129032258064516,0.0796462816325922,0.1867858917039247,0.9563380281690143,0.5063206919494344,0.8827392120075047,0.08870967741935484,0.2142292608001909,0.5623447590660706,0.8084507042253521,0.454424484364604,0.8499061913696062,0.2693548387096774,0.3892467826839052,0.7694982613015401,0.6957746478873243,0.2614770459081836,0.9071294559099439,0.4596774193548387,0.3792854053892841,0.8166915052160956,0.6676056338028169,0.4617431803060544,0.8977485928705441,0.7225806451612903,0.3197259130019833,0.6587183308494783,0.7197183098591551,0.3393213572854289,0.899624765478424,0.8935483870967742,0.1518886353807841,0.661698956780924,0.5760563380281691,0.2661343978709248,0.4155722326454034,0.482258064516129,0.03246394965627283,0.7516145057128665,0.428169014084507,0.1636726546906186,0.6050656660412759,0.02419354838709677,0.1248154610119447,0.8330849478390463,0.3338028169014087,0.121756487025948,0.6041275797373359,0.02903225806451613,0.07981777240937085,0.7908594138102332,0.0816901408450702,0.0,0.0,0.7983870967741935,0.0,0.4818678589170391,0.184507042253521,0.1696606786427144,0.4118198874296435,0.2387096774193548
2019-04-01,TRAIN,98,0.07903225806451612,0.8660254037844387,-0.4999999999999997,0.0721528802994378,0.356681569796324,0.7056338028169014,0.4071856287425148,0.525328330206379,0.06129032258064516,0.0796462816325922,0.1867858917039247,0.9563380281690143,0.5063206919494344,0.8827392120075047,0.08870967741935484,0.2142292608001909,0.5623447590660706,0.8084507042253521,0.454424484364604,0.8499061913696062,0.2693548387096774,0.3892467826839052,0.7694982613015401,0.6957746478873243,0.2614770459081836,0.9071294559099439,0.4596774193548387,0.3792854053892841,0.8166915052160956,0.6676056338028169,0.4617431803060544,0.8977485928705441,0.7225806451612903,0.3197259130019833,0.6587183308494783,0.7197183098591551,0.3393213572854289,0.899624765478424,0.8935483870967742,0.1518886353807841,0.661698956780924,0.5760563380281691,0.2661343978709248,0.4155722326454034,0.482258064516129,0.03246394965627283,0.7516145057128665,0.428169014084507,0.1636726546906186,0.6050656660412759,0.02419354838709677,0.1248154610119447,0.8330849478390463,0.3338028169014087,0.121756487025948,0.6041275797373359,0.02903225806451613,0.07981777240937085,0.7908594138102332,0.0816901408450702,0.0,0.0,0.7983870967741935,0.0,0.4818678589170391,0.184507042253521,0.1696606786427144,0.4118198874296435,0.2387096774193548,0.004607882610835237,0.1733730750124196,0.5647887323943661,0.4750499001996008,0.4943714821763603,0.1725806451612903
2019-05-01,TRAIN,160,0.1290322580645161,0.4999999999999999,-0.8660254037844386,0.0796462816325922,0.1867858917039247,0.9563380281690143,0.5063206919494344,0.8827392120075047,0.08870967741935484,0.2142292608001909,0.5623447590660706,0.8084507042253521,0.454424484364604,0.8499061913696062,0.2693548387096774,0.3892467826839052,0.7694982613015401,0.6957746478873243,0.2614770459081836,0.9071294559099439,0.4596774193548387,0.3792854053892841,0.8166915052160956,0.6676056338028169,0.4617431803060544,0.8977485928705441,0.7225806451612903,0.3197259130019833,0.6587183308494783,0.7197183098591551,0.3393213572854289,0.899624765478424,0.8935483870967742,0.1518886353807841,0.661698956780924,0.5760563380281691,0.2661343978709248,0.4155722326454034,0.482258064516129,0.03246394965627283,0.7516145057128665,0.428169014084507,0.1636726546906186,0.6050656660412759,0.02419354838709677,0.1248154610119447,0.8330849478390463,0.3338028169014087,0.121756487025948,0.6041275797373359,0.02903225806451613,0.07981777240937085,0.7908594138102332,0.0816901408450702,0.0,0.0,0.7983870967741935,0.0,0.4818678589170391,0.184507042253521,0.1696606786427144,0.4118198874296435,0.2387096774193548,0.004607882610835237,0.1733730750124196,0.5647887323943661,0.4750499001996008,0.4943714821763603,0.1725806451612903,0.08180855664414917,0.2106308991554897,0.8366197183098596,0.5675316034597472,0.8086303939962477,0.07903225806451612
2019-06-01,TRAIN,492,0.3967741935483871,1.224646799147353e-16,-1.0,0.2142292608001909,0.5623447590660706,0.8084507042253521,0.454424484364604,0.8499061913696062,0.2693548387096774,0.3892467826839052,0.7694982613015401,0.6957746478873243,0.2614770459081836,0.9071294559099439,0.4596774193548387,0.3792854053892841,0.8166915052160956,0.6676056338028169,0.4617431803060544,0.8977485928705441,0.7225806451612903,0.3197259130019833,0.6587183308494783,0.7197183098591551,0.3393213572854289,0.899624765478424,0.8935483870967742,0.1518886353807841,0.661698956780924,0.5760563380281691,0.2661343978709248,0.4155722326454034,0.482258064516129,0.03246394965627283,0.7516145057128665,0.428169014084507,0.1636726546906186,0.6050656660412759,0.02419354838709677,0.1248154610119447,0.8330849478390463,0.3338028169014087,0.121756487025948,0.6041275797373359,0.02903225806451613,0.07981777240937085,0.7908594138102332,0.0816901408450702,0.0,0.0,0.7983870967741935,0.0,0.4818678589170391,0.184507042253521,0.1696606786427144,0.4118198874296435,0.2387096774193548,0.004607882610835237,0.1733730750124196,0.5647887323943661,0.4750499001996008,0.4943714821763603,0.1725806451612903,0.08180855664414917,0.2106308991554897,0.8366197183098596,0.5675316034597472,0.8086303939962477,0.07903225806451612,0.2293875542432783,0.4505712866368606,0.9000000000000004,0.789088489687292,0.9606003752345218,0.1290322580645161
2019-07-01,TRAIN,870,0.7016129032258065,-0.4999999999999997,-0.8660254037844387,0.3892467826839052,0.7694982613015401,0.6957746478873243,0.2614770459081836,0.9071294559099439,0.4596774193548387,0.3792854053892841,0.8166915052160956,0.6676056338028169,0.4617431803060544,0.8977485928705441,0.7225806451612903,0.3197259130019833,0.6587183308494783,0.7197183098591551,0.3393213572854289,0.899624765478424,0.8935483870967742,0.1518886353807841,0.661698956780924,0.5760563380281691,0.2661343978709248,0.4155722326454034,0.482258064516129,0.03246394965627283,0.7516145057128665,0.428169014084507,0.1636726546906186,0.6050656660412759,0.02419354838709677,0.1248154610119447,0.8330849478390463,0.3338028169014087,0.121756487025948,0.6041275797373359,0.02903225806451613,0.07981777240937085,0.7908594138102332,0.0816901408450702,0.0,0.0,0.7983870967741935,0.0,0.4818678589170391,0.184507042253521,0.1696606786427144,0.4118198874296435,0.2387096774193548,0.004607882610835237,0.1733730750124196,0.5647887323943661,0.4750499001996008,0.4943714821763603,0.1725806451612903,0.08180855664414917,0.2106308991554897,0.8366197183098596,0.5675316034597472,0.8086303939962477,0.07903225806451612,0.2293875542432783,0.4505712866368606,0.9000000000000004,0.789088489687292,0.9606003752345218,0.1290322580645161,0.1177619708018312,0.5101838052657728,0.9042253521126761,0.4650698602794412,0.9793621013133209,0.3967741935483871
2019-08-01,TRAIN,1156,0.932258064516129,-0.8660254037844383,-0.5000000000000003,0.3792854053892841,0.8166915052160956,0.6676056338028169,0.4617431803060544,0.8977485928705441,0.7225806451612903,0.3197259130019833,0.6587183308494783,0.7197183098591551,0.3393213572854289,0.899624765478424,0.8935483870967742,0.1518886353807841,0.661698956780924,0.5760563380281691,0.2661343978709248,0.4155722326454034,0.482258064516129,0.03246394965627283,0.7516145057128665,0.428169014084507,0.1636726546906186,0.6050656660412759,0.02419354838709677,0.1248154610119447,0.8330849478390463,0.3338028169014087,0.121756487025948,0.6041275797373359,0.02903225806451613,0.07981777240937085,0.7908594138102332,0.0816901408450702,0.0,0.0,0.7983870967741935,0.0,0.4818678589170391,0.184507042253521,0.1696606786427144,0.4118198874296435,0.2387096774193548,0.004607882610835237,0.1733730750124196,0.5647887323943661,0.4750499001996008,0.4943714821763603,0.1725806451612903,0.08180855664414917,0.2106308991554897,0.8366197183098596,0.5675316034597472,0.8086303939962477,0.07903225806451612,0.2293875542432783,0.4505712866368606,0.9000000000000004,0.789088489687292,0.9606003752345218,0.1290322580645161,0.1177619708018312,0.5101838052657728,0.9042253521126761,0.4650698602794412,0.9793621013133209,0.3967741935483871,0.1868802099643597,0.6418281172379531,0.7704225352112677,0.3938789088489686,0.9446529080675422,0.7016129032258065
2019-09-01,TRAIN,948,0.7645161290322581,-1.0,-1.83697019872103e-16,0.3197259130019833,0.6587183308494783,0.7197183098591551,0.3393213572854289,0.899624765478424,0.8935483870967742,0.1518886353807841,0.661698956780924,0.5760563380281691,0.2661343978709248,0.4155722326454034,0.482258064516129,0.03246394965627283,0.7516145057128665,0.428169014084507,0.1636726546906186,0.6050656660412759,0.02419354838709677,0.1248154610119447,0.8330849478390463,0.3338028169014087,0.121756487025948,0.6041275797373359,0.02903225806451613,0.07981777240937085,0.7908594138102332,0.0816901408450702,0.0,0.0,0.7983870967741935,0.0,0.4818678589170391,0.184507042253521,0.1696606786427144,0.4118198874296435,0.2387096774193548,0.004607882610835237,0.1733730750124196,0.5647887323943661,0.4750499001996008,0.4943714821763603,0.1725806451612903,0.08180855664414917,0.2106308991554897,0.8366197183098596,0.5675316034597472,0.8086303939962477,0.07903225806451612,0.2293875542432783,0.4505712866368606,0.9000000000000004,0.789088489687292,0.9606003752345218,0.1290322580645161,0.1177619708018312,0.5101838052657728,0.9042253521126761,0.4650698602794412,0.9793621013133209,0.3967741935483871,0.1868802099643597,0.6418281172379531,0.7704225352112677,0.3938789088489686,0.9446529080675422,0.7016129032258065,0.369957798356671,0.765524093392946,0.7338028169014088,0.2734530938123752,0.9474671669793622,0.932258064516129
2019-10-01,TRAIN,844,0.6806451612903226,-0.8660254037844385,0.5,0.1518886353807841,0.661698956780924,0.5760563380281691,0.2661343978709248,0.4155722326454034,0.482258064516129,0.03246394965627283,0.7516145057128665,0.428169014084507,0.1636726546906186,0.6050656660412759,0.02419354838709677,0.1248154610119447,0.8330849478390463,0.3338028169014087,0.121756487025948,0.6041275797373359,0.02903225806451613,0.07981777240937085,0.7908594138102332,0.0816901408450702,0.0,0.0,0.7983870967741935,0.0,0.4818678589170391,0.184507042253521,0.1696606786427144,0.4118198874296435,0.2387096774193548,0.004607882610835237,0.1733730750124196,0.5647887323943661,0.4750499001996008,0.4943714821763603,0.1725806451612903,0.08180855664414917,0.2106308991554897,0.8366197183098596,0.5675316034597472,0.8086303939962477,0.07903225806451612,0.2293875542432783,0.4505712866368606,0.9000000000000004,0.789088489687292,0.9606003752345218,0.1290322580645161,0.1177619708018312,0.5101838052657728,0.9042253521126761,0.4650698602794412,0.9793621013133209,0.3967741935483871,0.1868802099643597,0.6418281172379531,0.7704225352112677,0.3938789088489686,0.9446529080675422,0.7016129032258065,0.369957798356671,0.765524093392946,0.7338028169014088,0.2734530938123752,0.9474671669793622,0.932258064516129,0.2738111215496801,0.7938400397416789,0.650704225352113,0.3166999334664004,0.628517823639775,0.7645161290322581
2019-11-01,TRAIN,512,0.4129032258064516,-0.5000000000000003,0.8660254037844383,0.03246394965627283,0.7516145057128665,0.428169014084507,0.1636726546906186,0.6050656660412759,0.02419354838709677,0.1248154610119447,0.8330849478390463,0.3338028169014087,0.121756487025948,0.6041275797373359,0.02903225806451613,0.07981777240937085,0.7908594138102332,0.0816901408450702,0.0,0.0,0.7983870967741935,0.0,0.4818678589170391,0.184507042253521,0.1696606786427144,0.4118198874296435,0.2387096774193548,0.004607882610835237,0.1733730750124196,0.5647887323943661,0.4750499001996008,0.4943714821763603,0.1725806451612903,0.08180855664414917,0.2106308991554897,0.8366197183098596,0.5675316034597472,0.8086303939962477,0.07903225806451612,0.2293875542432783,0.4505712866368606,0.9000000000000004,0.789088489687292,0.9606003752345218,0.1290322580645161,0.1177619708018312,0.5101838052657728,0.9042253521126761,0.4650698602794412,0.9793621013133209,0.3967741935483871,0.1868802099643597,0.6418281172379531,0.7704225352112677,0.3938789088489686,0.9446529080675422,0.7016129032258065,0.369957798356671,0.765524093392946,0.7338028169014088,0.2734530938123752,0.9474671669793622,0.932258064516129,0.2738111215496801,0.7938400397416789,0.650704225352113,0.3166999334664004,0.628517823639775,0.7645161290322581,0.07104937443147079,0.7232985593641329,0.5732394366197185,0.2095808383233532,0.7073170731707319,0.6806451612903226
2019-12-01,TRAIN,272,0.2193548387096774,-2.449293598294706e-16,1.0,0.1248154610119447,0.8330849478390463,0.3338028169014087,0.121756487025948,0.6041275797373359,0.02903225806451613,0.07981777240937085,0.7908594138102332,0.0816901408450702,0.0,0.0,0.7983870967741935,0.0,0.4818678589170391,0.184507042253521,0.1696606786427144,0.4118198874296435,0.2387096774193548,0.004607882610835237,0.1733730750124196,0.5647887323943661,0.4750499001996008,0.4943714821763603,0.1725806451612903,0.08180855664414917,0.2106308991554897,0.8366197183098596,0.5675316034597472,0.8086303939962477,0.07903225806451612,0.2293875542432783,0.4505712866368606,0.9000000000000004,0.789088489687292,0.9606003752345218,0.1290322580645161,0.1177619708018312,0.5101838052657728,0.9042253521126761,0.4650698602794412,0.9793621013133209,0.3967741935483871,0.1868802099643597,0.6418281172379531,0.7704225352112677,0.3938789088489686,0.9446529080675422,0.7016129032258065,0.369957798356671,0.765524093392946,0.7338028169014088,0.2734530938123752,0.9474671669793622,0.932258064516129,0.2738111215496801,0.7938400397416789,0.650704225352113,0.3166999334664004,0.628517823639775,0.7645161290322581,0.07104937443147079,0.7232985593641329,0.5732394366197185,0.2095808383233532,0.7073170731707319,0.6806451612903226,0.2011139444369883,0.8768007948335815,0.4845070422535214,0.24750499001996,0.5422138836772983,0.4129032258064516
2020-01-01,TRAIN,44,0.03548387096774194,0.4999999999999999,0.8660254037844386,0.07981777240937085,0.7908594138102332,0.0816901408450702,0.0,0.0,0.7983870967741935,0.0,0.4818678589170391,0.184507042253521,0.1696606786427144,0.4118198874296435,0.2387096774193548,0.004607882610835237,0.1733730750124196,0.5647887323943661,0.4750499001996008,0.4943714821763603,0.1725806451612903,0.08180855664414917,0.2106308991554897,0.8366197183098596,0.5675316034597472,0.8086303939962477,0.07903225806451612,0.2293875542432783,0.4505712866368606,0.9000000000000004,0.789088489687292,0.9606003752345218,0.1290322580645161,0.1177619708018312,0.5101838052657728,0.9042253521126761,0.4650698602794412,0.9793621013133209,0.3967741935483871,0.1868802099643597,0.6418281172379531,0.7704225352112677,0.3938789088489686,0.9446529080675422,0.7016129032258065,0.369957798356671,0.765524093392946,0.7338028169014088,0.2734530938123752,0.9474671669793622,0.932258064516129,0.2738111215496801,0.7938400397416789,0.650704225352113,0.3166999334664004,0.628517823639775,0.7645161290322581,0.07104937443147079,0.7232985593641329,0.5732394366197185,0.2095808383233532,0.7073170731707319,0.6806451612903226,0.2011139444369883,0.8768007948335815,0.4845070422535214,0.24750499001996,0.5422138836772983,0.4129032258064516,0.2003907007262261,0.8996522603079983,0.311267605633803,0.0632069194943446,0.578799249530957,0.2193548387096774
2020-02-01,TRAIN,54,0.04354838709677419,0.8660254037844385,0.5000000000000001,0.0,0.4818678589170391,0.184507042253521,0.1696606786427144,0.4118198874296435,0.2387096774193548,0.004607882610835237,0.1733730750124196,0.5647887323943661,0.4750499001996008,0.4943714821763603,0.1725806451612903,0.08180855664414917,0.2106308991554897,0.8366197183098596,0.5675316034597472,0.8086303939962477,0.07903225806451612,0.2293875542432783,0.4505712866368606,0.9000000000000004,0.789088489687292,0.9606003752345218,0.1290322580645161,0.1177619708018312,0.5101838052657728,0.9042253521126761,0.4650698602794412,0.9793621013133209,0.3967741935483871,0.1868802099643597,0.6418281172379531,0.7704225352112677,0.3938789088489686,0.9446529080675422,0.7016129032258065,0.369957798356671,0.765524093392946,0.7338028169014088,0.2734530938123752,0.9474671669793622,0.932258064516129,0.2738111215496801,0.7938400397416789,0.650704225352113,0.3166999334664004,0.628517823639775,0.7645161290322581,0.07104937443147079,0.7232985593641329,0.5732394366197185,0.2095808383233532,0.7073170731707319,0.6806451612903226,0.2011139444369883,0.8768007948335815,0.4845070422535214,0.24750499001996,0.5422138836772983,0.4129032258064516,0.2003907007262261,0.8996522603079983,0.311267605633803,0.0632069194943446,0.578799249530957,0.2193548387096774,0.04203760867295963,0.7342275211127667,0.204225352112676,0.143047238855622,0.4165103189493434,0.03548387096774194
2020-03-01,TRAIN,4,0.003225806451612903,1.0,6.123233995736766e-17,0.004607882610835237,0.1733730750124196,0.5647887323943661,0.4750499001996008,0.4943714821763603,0.1725806451612903,0.08180855664414917,0.2106308991554897,0.8366197183098596,0.5675316034597472,0.8086303939962477,0.07903225806451612,0.2293875542432783,0.4505712866368606,0.9000000000000004,0.789088489687292,0.9606003752345218,0.1290322580645161,0.1177619708018312,0.5101838052657728,0.9042253521126761,0.4650698602794412,0.9793621013133209,0.3967741935483871,0.1868802099643597,0.6418281172379531,0.7704225352112677,0.3938789088489686,0.9446529080675422,0.7016129032258065,0.369957798356671,0.765524093392946,0.7338028169014088,0.2734530938123752,0.9474671669793622,0.932258064516129,0.2738111215496801,0.7938400397416789,0.650704225352113,0.3166999334664004,0.628517823639775,0.7645161290322581,0.07104937443147079,0.7232985593641329,0.5732394366197185,0.2095808383233532,0.7073170731707319,0.6806451612903226,0.2011139444369883,0.8768007948335815,0.4845070422535214,0.24750499001996,0.5422138836772983,0.4129032258064516,0.2003907007262261,0.8996522603079983,0.311267605633803,0.0632069194943446,0.578799249530957,0.2193548387096774,0.04203760867295963,0.7342275211127667,0.204225352112676,0.143047238855622,0.4165103189493434,0.03548387096774194,0.02031792898790617,0.680576254346746,0.07042253521126762,0.1583499667332002,0.2270168855534709,0.04354838709677419
2020-04-01,TRAIN,10,0.008064516129032258,0.8660254037844387,-0.4999999999999997,0.08180855664414917,0.2106308991554897,0.8366197183098596,0.5675316034597472,0.8086303939962477,0.07903225806451612,0.2293875542432783,0.4505712866368606,0.9000000000000004,0.789088489687292,0.9606003752345218,0.1290322580645161,0.1177619708018312,0.5101838052657728,0.9042253521126761,0.4650698602794412,0.9793621013133209,0.3967741935483871,0.1868802099643597,0.6418281172379531,0.7704225352112677,0.3938789088489686,0.9446529080675422,0.7016129032258065,0.369957798356671,0.765524093392946,0.7338028169014088,0.2734530938123752,0.9474671669793622,0.932258064516129,0.2738111215496801,0.7938400397416789,0.650704225352113,0.3166999334664004,0.628517823639775,0.7645161290322581,0.07104937443147079,0.7232985593641329,0.5732394366197185,0.2095808383233532,0.7073170731707319,0.6806451612903226,0.2011139444369883,0.8768007948335815,0.4845070422535214,0.24750499001996,0.5422138836772983,0.4129032258064516,0.2003907007262261,0.8996522603079983,0.311267605633803,0.0632069194943446,0.578799249530957,0.2193548387096774,0.04203760867295963,0.7342275211127667,0.204225352112676,0.143047238855622,0.4165103189493434,0.03548387096774194,0.02031792898790617,0.680576254346746,0.07042253521126762,0.1583499667332002,0.2270168855534709,0.04354838709677419,0.1536781043558657,0.4376552409339294,0.5563380281690141,0.3226879574184962,0.6332082551594747,0.003225806451612903
2020-05-01,TRAIN,10,0.008064516129032258,0.4999999999999999,-0.8660254037844386,0.2293875542432783,0.4505712866368606,0.9000000000000004,0.789088489687292,0.9606003752345218,0.1290322580645161,0.1177619708018312,0.5101838052657728,0.9042253521126761,0.4650698602794412,0.9793621013133209,0.3967741935483871,0.1868802099643597,0.6418281172379531,0.7704225352112677,0.3938789088489686,0.9446529080675422,0.7016129032258065,0.369957798356671,0.765524093392946,0.7338028169014088,0.2734530938123752,0.9474671669793622,0.932258064516129,0.2738111215496801,0.7938400397416789,0.650704225352113,0.3166999334664004,0.628517823639775,0.7645161290322581,0.07104937443147079,0.7232985593641329,0.5732394366197185,0.2095808383233532,0.7073170731707319,0.6806451612903226,0.2011139444369883,0.8768007948335815,0.4845070422535214,0.24750499001996,0.5422138836772983,0.4129032258064516,0.2003907007262261,0.8996522603079983,0.311267605633803,0.0632069194943446,0.578799249530957,0.2193548387096774,0.04203760867295963,0.7342275211127667,0.204225352112676,0.143047238855622,0.4165103189493434,0.03548387096774194,0.02031792898790617,0.680576254346746,0.07042253521126762,0.1583499667332002,0.2270168855534709,0.04354838709677419,0.1536781043558657,0.4376552409339294,0.5563380281690141,0.3226879574184962,0.6332082551594747,0.003225806451612903,0.05934326488614504,0.3944361649279686,0.7225352112676057,0.4910179640718559,0.6876172607879926,0.008064516129032258
2020-06-01,TRAIN,26,0.02096774193548387,1.224646799147353e-16,-1.0,0.1177619708018312,0.5101838052657728,0.9042253521126761,0.4650698602794412,0.9793621013133209,0.3967741935483871,0.1868802099643597,0.6418281172379531,0.7704225352112677,0.3938789088489686,0.9446529080675422,0.7016129032258065,0.369957798356671,0.765524093392946,0.7338028169014088,0.2734530938123752,0.9474671669793622,0.932258064516129,0.2738111215496801,0.7938400397416789,0.650704225352113,0.3166999334664004,0.628517823639775,0.7645161290322581,0.07104937443147079,0.7232985593641329,0.5732394366197185,0.2095808383233532,0.7073170731707319,0.6806451612903226,0.2011139444369883,0.8768007948335815,0.4845070422535214,0.24750499001996,0.5422138836772983,0.4129032258064516,0.2003907007262261,0.8996522603079983,0.311267605633803,0.0632069194943446,0.578799249530957,0.2193548387096774,0.04203760867295963,0.7342275211127667,0.204225352112676,0.143047238855622,0.4165103189493434,0.03548387096774194,0.02031792898790617,0.680576254346746,0.07042253521126762,0.1583499667332002,0.2270168855534709,0.04354838709677419,0.1536781043558657,0.4376552409339294,0.5563380281690141,0.3226879574184962,0.6332082551594747,0.003225806451612903,0.05934326488614504,0.3944361649279686,0.7225352112676057,0.4910179640718559,0.6876172607879926,0.008064516129032258,0.2335033328859661,0.3914555389965229,0.9535211267605636,0.599467731204258,0.9371482176360226,0.008064516129032258
2020-07-01,TRAIN,72,0.05806451612903226,-0.4999999999999997,-0.8660254037844387,0.1868802099643597,0.6418281172379531,0.7704225352112677,0.3938789088489686,0.9446529080675422,0.7016129032258065,0.369957798356671,0.765524093392946,0.7338028169014088,0.2734530938123752,0.9474671669793622,0.932258064516129,0.2738111215496801,0.7938400397416789,0.650704225352113,0.3166999334664004,0.628517823639775,0.7645161290322581,0.07104937443147079,0.7232985593641329,0.5732394366197185,0.2095808383233532,0.7073170731707319,0.6806451612903226,0.2011139444369883,0.8768007948335815,0.4845070422535214,0.24750499001996,0.5422138836772983,0.4129032258064516,0.2003907007262261,0.8996522603079983,0.311267605633803,0.0632069194943446,0.578799249530957,0.2193548387096774,0.04203760867295963,0.7342275211127667,0.204225352112676,0.143047238855622,0.4165103189493434,0.03548387096774194,0.02031792898790617,0.680576254346746,0.07042253521126762,0.1583499667332002,0.2270168855534709,0.04354838709677419,0.1536781043558657,0.4376552409339294,0.5563380281690141,0.3226879574184962,0.6332082551594747,0.003225806451612903,0.05934326488614504,0.3944361649279686,0.7225352112676057,0.4910179640718559,0.6876172607879926,0.008064516129032258,0.2335033328859661,0.3914555389965229,0.9535211267605636,0.599467731204258,0.9371482176360226,0.008064516129032258,0.3307460594401945,0.5409836065573769,0.8450704225352115,0.3566200931470392,0.9793621013133209,0.02096774193548387
2020-08-01,TRAIN,46,0.03709677419354838,-0.8660254037844383,-0.5000000000000003,0.369957798356671,0.765524093392946,0.7338028169014088,0.2734530938123752,0.9474671669793622,0.932258064516129,0.2738111215496801,0.7938400397416789,0.650704225352113,0.3166999334664004,0.628517823639775,0.7645161290322581,0.07104937443147079,0.7232985593641329,0.5732394366197185,0.2095808383233532,0.7073170731707319,0.6806451612903226,0.2011139444369883,0.8768007948335815,0.4845070422535214,0.24750499001996,0.5422138836772983,0.4129032258064516,0.2003907007262261,0.8996522603079983,0.311267605633803,0.0632069194943446,0.578799249530957,0.2193548387096774,0.04203760867295963,0.7342275211127667,0.204225352112676,0.143047238855622,0.4165103189493434,0.03548387096774194,0.02031792898790617,0.680576254346746,0.07042253521126762,0.1583499667332002,0.2270168855534709,0.04354838709677419,0.1536781043558657,0.4376552409339294,0.5563380281690141,0.3226879574184962,0.6332082551594747,0.003225806451612903,0.05934326488614504,0.3944361649279686,0.7225352112676057,0.4910179640718559,0.6876172607879926,0.008064516129032258,0.2335033328859661,0.3914555389965229,0.9535211267605636,0.599467731204258,0.9371482176360226,0.008064516129032258,0.3307460594401945,0.5409836065573769,0.8450704225352115,0.3566200931470392,0.9793621013133209,0.02096774193548387,0.2126187387226174,0.5628415300546452,0.7746478873239439,0.2754491017964072,0.8583489681050658,0.05806451612903226
2020-09-01,TRAIN,28,0.02258064516129032,-1.0,-1.83697019872103e-16,0.2738111215496801,0.7938400397416789,0.650704225352113,0.3166999334664004,0.628517823639775,0.7645161290322581,0.07104937443147079,0.7232985593641329,0.5732394366197185,0.2095808383233532,0.7073170731707319,0.6806451612903226,0.2011139444369883,0.8768007948335815,0.4845070422535214,0.24750499001996,0.5422138836772983,0.4129032258064516,0.2003907007262261,0.8996522603079983,0.311267605633803,0.0632069194943446,0.578799249530957,0.2193548387096774,0.04203760867295963,0.7342275211127667,0.204225352112676,0.143047238855622,0.4165103189493434,0.03548387096774194,0.02031792898790617,0.680576254346746,0.07042253521126762,0.1583499667332002,0.2270168855534709,0.04354838709677419,0.1536781043558657,0.4376552409339294,0.5563380281690141,0.3226879574184962,0.6332082551594747,0.003225806451612903,0.05934326488614504,0.3944361649279686,0.7225352112676057,0.4910179640718559,0.6876172607879926,0.008064516129032258,0.2335033328859661,0.3914555389965229,0.9535211267605636,0.599467731204258,0.9371482176360226,0.008064516129032258,0.3307460594401945,0.5409836065573769,0.8450704225352115,0.3566200931470392,0.9793621013133209,0.02096774193548387,0.2126187387226174,0.5628415300546452,0.7746478873239439,0.2754491017964072,0.8583489681050658,0.05806451612903226,0.2055354240295859,0.6974664679582712,0.6873239436619719,0.2621423819028608,0.8639774859287055,0.03709677419354838
2020-10-01,TRAIN,46,0.03709677419354838,-0.8660254037844385,0.5,0.07104937443147079,0.7232985593641329,0.5732394366197185,0.2095808383233532,0.7073170731707319,0.6806451612903226,0.2011139444369883,0.8768007948335815,0.4845070422535214,0.24750499001996,0.5422138836772983,0.4129032258064516,0.2003907007262261,0.8996522603079983,0.311267605633803,0.0632069194943446,0.578799249530957,0.2193548387096774,0.04203760867295963,0.7342275211127667,0.204225352112676,0.143047238855622,0.4165103189493434,0.03548387096774194,0.02031792898790617,0.680576254346746,0.07042253521126762,0.1583499667332002,0.2270168855534709,0.04354838709677419,0.1536781043558657,0.4376552409339294,0.5563380281690141,0.3226879574184962,0.6332082551594747,0.003225806451612903,0.05934326488614504,0.3944361649279686,0.7225352112676057,0.4910179640718559,0.6876172607879926,0.008064516129032258,0.2335033328859661,0.3914555389965229,0.9535211267605636,0.599467731204258,0.9371482176360226,0.008064516129032258,0.3307460594401945,0.5409836065573769,0.8450704225352115,0.3566200931470392,0.9793621013133209,0.02096774193548387,0.2126187387226174,0.5628415300546452,0.7746478873239439,0.2754491017964072,0.8583489681050658,0.05806451612903226,0.2055354240295859,0.6974664679582712,0.6873239436619719,0.2621423819028608,0.8639774859287055,0.03709677419354838,0.216026185896002,0.661698956780924,0.7985915492957746,0.279441117764471,0.9746716697936211,0.02258064516129032
2020-11-01,TRAIN,48,0.03870967741935484,-0.5000000000000003,0.8660254037844383,0.2011139444369883,0.8768007948335815,0.4845070422535214,0.24750499001996,0.5422138836772983,0.4129032258064516,0.2003907007262261,0.8996522603079983,0.311267605633803,0.0632069194943446,0.578799249530957,0.2193548387096774,0.04203760867295963,0.7342275211127667,0.204225352112676,0.143047238855622,0.4165103189493434,0.03548387096774194,0.02031792898790617,0.680576254346746,0.07042253521126762,0.1583499667332002,0.2270168855534709,0.04354838709677419,0.1536781043558657,0.4376552409339294,0.5563380281690141,0.3226879574184962,0.6332082551594747,0.003225806451612903,0.05934326488614504,0.3944361649279686,0.7225352112676057,0.4910179640718559,0.6876172607879926,0.008064516129032258,0.2335033328859661,0.3914555389965229,0.9535211267605636,0.599467731204258,0.9371482176360226,0.008064516129032258,0.3307460594401945,0.5409836065573769,0.8450704225352115,0.3566200931470392,0.9793621013133209,0.02096774193548387,0.2126187387226174,0.5628415300546452,0.7746478873239439,0.2754491017964072,0.8583489681050658,0.05806451612903226,0.2055354240295859,0.6974664679582712,0.6873239436619719,0.2621423819028608,0.8639774859287055,0.03709677419354838,0.216026185896002,0.661698956780924,0.7985915492957746,0.279441117764471,0.9746716697936211,0.02258064516129032,0.5417244516023203,0.9374068554396421,0.6267605633802817,0.249500998003992,0.8874296435272045,0.03709677419354838
2020-12-01,TRAIN,2,0.001612903225806452,-2.449293598294706e-16,1.0,0.2003907007262261,0.8996522603079983,0.311267605633803,0.0632069194943446,0.578799249530957,0.2193548387096774,0.04203760867295963,0.7342275211127667,0.204225352112676,0.143047238855622,0.4165103189493434,0.03548387096774194,0.02031792898790617,0.680576254346746,0.07042253521126762,0.1583499667332002,0.2270168855534709,0.04354838709677419,0.1536781043558657,0.4376552409339294,0.5563380281690141,0.3226879574184962,0.6332082551594747,0.003225806451612903,0.05934326488614504,0.3944361649279686,0.7225352112676057,0.4910179640718559,0.6876172607879926,0.008064516129032258,0.2335033328859661,0.3914555389965229,0.9535211267605636,0.599467731204258,0.9371482176360226,0.008064516129032258,0.3307460594401945,0.5409836065573769,0.8450704225352115,0.3566200931470392,0.9793621013133209,0.02096774193548387,0.2126187387226174,0.5628415300546452,0.7746478873239439,0.2754491017964072,0.8583489681050658,0.05806451612903226,0.2055354240295859,0.6974664679582712,0.6873239436619719,0.2621423819028608,0.8639774859287055,0.03709677419354838,0.216026185896002,0.661698956780924,0.7985915492957746,0.279441117764471,0.9746716697936211,0.02258064516129032,0.5417244516023203,0.9374068554396421,0.6267605633802817,0.249500998003992,0.8874296435272045,0.03709677419354838,0.5760226069580519,0.9552906110283157,0.4816901408450703,0.2654690618762474,0.7560975609756099,0.03870967741935484
2021-01-01,TRAIN,28,0.02258064516129032,0.4999999999999999,0.8660254037844386,0.04203760867295963,0.7342275211127667,0.204225352112676,0.143047238855622,0.4165103189493434,0.03548387096774194,0.02031792898790617,0.680576254346746,0.07042253521126762,0.1583499667332002,0.2270168855534709,0.04354838709677419,0.1536781043558657,0.4376552409339294,0.5563380281690141,0.3226879574184962,0.6332082551594747,0.003225806451612903,0.05934326488614504,0.3944361649279686,0.7225352112676057,0.4910179640718559,0.6876172607879926,0.008064516129032258,0.2335033328859661,0.3914555389965229,0.9535211267605636,0.599467731204258,0.9371482176360226,0.008064516129032258,0.3307460594401945,0.5409836065573769,0.8450704225352115,0.3566200931470392,0.9793621013133209,0.02096774193548387,0.2126187387226174,0.5628415300546452,0.7746478873239439,0.2754491017964072,0.8583489681050658,0.05806451612903226,0.2055354240295859,0.6974664679582712,0.6873239436619719,0.2621423819028608,0.8639774859287055,0.03709677419354838,0.216026185896002,0.661698956780924,0.7985915492957746,0.279441117764471,0.9746716697936211,0.02258064516129032,0.5417244516023203,0.9374068554396421,0.6267605633802817,0.249500998003992,0.8874296435272045,0.03709677419354838,0.5760226069580519,0.9552906110283157,0.4816901408450703,0.2654690618762474,0.7560975609756099,0.03870967741935484,1.0,1.0,0.436619718309859,0.1550232867598136,0.5393996247654785,0.001612903225806452
2021-02-01,TRAIN,16,0.01290322580645161,0.8660254037844385,0.5000000000000001,0.02031792898790617,0.680576254346746,0.07042253521126762,0.1583499667332002,0.2270168855534709,0.04354838709677419,0.1536781043558657,0.4376552409339294,0.5563380281690141,0.3226879574184962,0.6332082551594747,0.003225806451612903,0.05934326488614504,0.3944361649279686,0.7225352112676057,0.4910179640718559,0.6876172607879926,0.008064516129032258,0.2335033328859661,0.3914555389965229,0.9535211267605636,0.599467731204258,0.9371482176360226,0.008064516129032258,0.3307460594401945,0.5409836065573769,0.8450704225352115,0.3566200931470392,0.9793621013133209,0.02096774193548387,0.2126187387226174,0.5628415300546452,0.7746478873239439,0.2754491017964072,0.8583489681050658,0.05806451612903226,0.2055354240295859,0.6974664679582712,0.6873239436619719,0.2621423819028608,0.8639774859287055,0.03709677419354838,0.216026185896002,0.661698956780924,0.7985915492957746,0.279441117764471,0.9746716697936211,0.02258064516129032,0.5417244516023203,0.9374068554396421,0.6267605633802817,0.249500998003992,0.8874296435272045,0.03709677419354838,0.5760226069580519,0.9552906110283157,0.4816901408450703,0.2654690618762474,0.7560975609756099,0.03870967741935484,1.0,1.0,0.436619718309859,0.1550232867598136,0.5393996247654785,0.001612903225806452,0.1073084895390626,0.9061102831594635,0.135211267605634,0.0632069194943446,0.3864915572232645,0.02258064516129032
2021-03-01,TRAIN,22,0.01774193548387097,1.0,6.123233995736766e-17,0.1536781043558657,0.4376552409339294,0.5563380281690141,0.3226879574184962,0.6332082551594747,0.003225806451612903,0.05934326488614504,0.3944361649279686,0.7225352112676057,0.4910179640718559,0.6876172607879926,0.008064516129032258,0.2335033328859661,0.3914555389965229,0.9535211267605636,0.599467731204258,0.9371482176360226,0.008064516129032258,0.3307460594401945,0.5409836065573769,0.8450704225352115,0.3566200931470392,0.9793621013133209,0.02096774193548387,0.2126187387226174,0.5628415300546452,0.7746478873239439,0.2754491017964072,0.8583489681050658,0.05806451612903226,0.2055354240295859,0.6974664679582712,0.6873239436619719,0.2621423819028608,0.8639774859287055,0.03709677419354838,0.216026185896002,0.661698956780924,0.7985915492957746,0.279441117764471,0.9746716697936211,0.02258064516129032,0.5417244516023203,0.9374068554396421,0.6267605633802817,0.249500998003992,0.8874296435272045,0.03709677419354838,0.5760226069580519,0.9552906110283157,0.4816901408450703,0.2654690618762474,0.7560975609756099,0.03870967741935484,1.0,1.0,0.436619718309859,0.1550232867598136,0.5393996247654785,0.001612903225806452,0.1073084895390626,0.9061102831594635,0.135211267605634,0.0632069194943446,0.3864915572232645,0.02258064516129032,0.04498277636111483,0.7247888723298558,0.243661971830986,0.2188955422488356,0.2166979362101313,0.01290322580645161
2021-04-01,TRAIN,12,0.00967741935483871,0.8660254037844387,-0.4999999999999997,0.05934326488614504,0.3944361649279686,0.7225352112676057,0.4910179640718559,0.6876172607879926,0.008064516129032258,0.2335033328859661,0.3914555389965229,0.9535211267605636,0.599467731204258,0.9371482176360226,0.008064516129032258,0.3307460594401945,0.5409836065573769,0.8450704225352115,0.3566200931470392,0.9793621013133209,0.02096774193548387,0.2126187387226174,0.5628415300546452,0.7746478873239439,0.2754491017964072,0.8583489681050658,0.05806451612903226,0.2055354240295859,0.6974664679582712,0.6873239436619719,0.2621423819028608,0.8639774859287055,0.03709677419354838,0.216026185896002,0.661698956780924,0.7985915492957746,0.279441117764471,0.9746716697936211,0.02258064516129032,0.5417244516023203,0.9374068554396421,0.6267605633802817,0.249500998003992,0.8874296435272045,0.03709677419354838,0.5760226069580519,0.9552906110283157,0.4816901408450703,0.2654690618762474,0.7560975609756099,0.03870967741935484,1.0,1.0,0.436619718309859,0.1550232867598136,0.5393996247654785,0.001612903225806452,0.1073084895390626,0.9061102831594635,0.135211267605634,0.0632069194943446,0.3864915572232645,0.02258064516129032,0.04498277636111483,0.7247888723298558,0.243661971830986,0.2188955422488356,0.2166979362101313,0.01290322580645161,0.0817339954368541,0.6636860407352214,0.5140845070422535,0.3266799733865602,0.5647279549718575,0.01774193548387097
2021-05-01,TRAIN,24,0.01935483870967742,0.4999999999999999,-0.8660254037844386,0.2335033328859661,0.3914555389965229,0.9535211267605636,0.599467731204258,0.9371482176360226,0.008064516129032258,0.3307460594401945,0.5409836065573769,0.8450704225352115,0.3566200931470392,0.9793621013133209,0.02096774193548387,0.2126187387226174,0.5628415300546452,0.7746478873239439,0.2754491017964072,0.8583489681050658,0.05806451612903226,0.2055354240295859,0.6974664679582712,0.6873239436619719,0.2621423819028608,0.8639774859287055,0.03709677419354838,0.216026185896002,0.661698956780924,0.7985915492957746,0.279441117764471,0.9746716697936211,0.02258064516129032,0.5417244516023203,0.9374068554396421,0.6267605633802817,0.249500998003992,0.8874296435272045,0.03709677419354838,0.5760226069580519,0.9552906110283157,0.4816901408450703,0.2654690618762474,0.7560975609756099,0.03870967741935484,1.0,1.0,0.436619718309859,0.1550232867598136,0.5393996247654785,0.001612903225806452,0.1073084895390626,0.9061102831594635,0.135211267605634,0.0632069194943446,0.3864915572232645,0.02258064516129032,0.04498277636111483,0.7247888723298558,0.243661971830986,0.2188955422488356,0.2166979362101313,0.01290322580645161,0.0817339954368541,0.6636860407352214,0.5140845070422535,0.3266799733865602,0.5647279549718575,0.01774193548387097,0.001811837337270165,0.2945851962245407,0.6549295774647887,0.5335994677312039,0.6257035647279551,0.00967741935483871
2021-06-01,TRAIN,18,0.01451612903225807,1.224646799147353e-16,-1.0,0.3307460594401945,0.5409836065573769,0.8450704225352115,0.3566200931470392,0.9793621013133209,0.02096774193548387,0.2126187387226174,0.5628415300546452,0.7746478873239439,0.2754491017964072,0.8583489681050658,0.05806451612903226,0.2055354240295859,0.6974664679582712,0.6873239436619719,0.2621423819028608,0.8639774859287055,0.03709677419354838,0.216026185896002,0.661698956780924,0.7985915492957746,0.279441117764471,0.9746716697936211,0.02258064516129032,0.5417244516023203,0.9374068554396421,0.6267605633802817,0.249500998003992,0.8874296435272045,0.03709677419354838,0.5760226069580519,0.9552906110283157,0.4816901408450703,0.2654690618762474,0.7560975609756099,0.03870967741935484,1.0,1.0,0.436619718309859,0.1550232867598136,0.5393996247654785,0.001612903225806452,0.1073084895390626,0.9061102831594635,0.135211267605634,0.0632069194943446,0.3864915572232645,0.02258064516129032,0.04498277636111483,0.7247888723298558,0.243661971830986,0.2188955422488356,0.2166979362101313,0.01290322580645161,0.0817339954368541,0.6636860407352214,0.5140845070422535,0.3266799733865602,0.5647279549718575,0.01774193548387097,0.001811837337270165,0.2945851962245407,0.6549295774647887,0.5335994677312039,0.6257035647279551,0.00967741935483871,0.0509253045825318,0.1326378539493294,1.0,0.5668662674650695,0.8649155722326456,0.01935483870967742
2021-07-01,TRAIN,92,0.07419354838709677,-0.4999999999999997,-0.8660254037844387,0.2126187387226174,0.5628415300546452,0.7746478873239439,0.2754491017964072,0.8583489681050658,0.05806451612903226,0.2055354240295859,0.6974664679582712,0.6873239436619719,0.2621423819028608,0.8639774859287055,0.03709677419354838,0.216026185896002,0.661698956780924,0.7985915492957746,0.279441117764471,0.9746716697936211,0.02258064516129032,0.5417244516023203,0.9374068554396421,0.6267605633802817,0.249500998003992,0.8874296435272045,0.03709677419354838,0.5760226069580519,0.9552906110283157,0.4816901408450703,0.2654690618762474,0.7560975609756099,0.03870967741935484,1.0,1.0,0.436619718309859,0.1550232867598136,0.5393996247654785,0.001612903225806452,0.1073084895390626,0.9061102831594635,0.135211267605634,0.0632069194943446,0.3864915572232645,0.02258064516129032,0.04498277636111483,0.7247888723298558,0.243661971830986,0.2188955422488356,0.2166979362101313,0.01290322580645161,0.0817339954368541,0.6636860407352214,0.5140845070422535,0.3266799733865602,0.5647279549718575,0.01774193548387097,0.001811837337270165,0.2945851962245407,0.6549295774647887,0.5335994677312039,0.6257035647279551,0.00967741935483871,0.0509253045825318,0.1326378539493294,1.0,0.5668662674650695,0.8649155722326456,0.01935483870967742,0.1349185046004265,0.4749130650769994,0.8042253521126764,0.4830339321357284,0.925891181988743,0.01451612903225807
2021-08-01,TRAIN,160,0.1290322580645161,-0.8660254037844383,-0.5000000000000003,0.2055354240295859,0.6974664679582712,0.6873239436619719,0.2621423819028608,0.8639774859287055,0.03709677419354838,0.216026185896002,0.661698956780924,0.7985915492957746,0.279441117764471,0.9746716697936211,0.02258064516129032,0.5417244516023203,0.9374068554396421,0.6267605633802817,0.249500998003992,0.8874296435272045,0.03709677419354838,0.5760226069580519,0.9552906110283157,0.4816901408450703,0.2654690618762474,0.7560975609756099,0.03870967741935484,1.0,1.0,0.436619718309859,0.1550232867598136,0.5393996247654785,0.001612903225806452,0.1073084895390626,0.9061102831594635,0.135211267605634,0.0632069194943446,0.3864915572232645,0.02258064516129032,0.04498277636111483,0.7247888723298558,0.243661971830986,0.2188955422488356,0.2166979362101313,0.01290322580645161,0.0817339954368541,0.6636860407352214,0.5140845070422535,0.3266799733865602,0.5647279549718575,0.01774193548387097,0.001811837337270165,0.2945851962245407,0.6549295774647887,0.5335994677312039,0.6257035647279551,0.00967741935483871,0.0509253045825318,0.1326378539493294,1.0,0.5668662674650695,0.8649155722326456,0.01935483870967742,0.1349185046004265,0.4749130650769994,0.8042253521126764,0.4830339321357284,0.925891181988743,0.01451612903225807,0.3565293249228291,0.7466467958271233,0.7591549295774651,0.2980705256154358,0.9502814258911823,0.07419354838709677
2021-09-01,TRAIN,150,0.1209677419354839,-1.0,-1.83697019872103e-16,0.216026185896002,0.661698956780924,0.7985915492957746,0.279441117764471,0.9746716697936211,0.02258064516129032,0.5417244516023203,0.9374068554396421,0.6267605633802817,0.249500998003992,0.8874296435272045,0.03709677419354838,0.5760226069580519,0.9552906110283157,0.4816901408450703,0.2654690618762474,0.7560975609756099,0.03870967741935484,1.0,1.0,0.436619718309859,0.1550232867598136,0.5393996247654785,0.001612903225806452,0.1073084895390626,0.9061102831594635,0.135211267605634,0.0632069194943446,0.3864915572232645,0.02258064516129032,0.04498277636111483,0.7247888723298558,0.243661971830986,0.2188955422488356,0.2166979362101313,0.01290322580645161,0.0817339954368541,0.6636860407352214,0.5140845070422535,0.3266799733865602,0.5647279549718575,0.01774193548387097,0.001811837337270165,0.2945851962245407,0.6549295774647887,0.5335994677312039,0.6257035647279551,0.00967741935483871,0.0509253045825318,0.1326378539493294,1.0,0.5668662674650695,0.8649155722326456,0.01935483870967742,0.1349185046004265,0.4749130650769994,0.8042253521126764,0.4830339321357284,0.925891181988743,0.01451612903225807,0.3565293249228291,0.7466467958271233,0.7591549295774651,0.2980705256154358,0.9502814258911823,0.07419354838709677,0.2252121266347545,0.6905116741182314,0.7352112676056338,0.2641383898868928,0.8846153846153846,0.1290322580645161
2021-10-01,TRAIN,62,0.05,-0.8660254037844385,0.5,0.5417244516023203,0.9374068554396421,0.6267605633802817,0.249500998003992,0.8874296435272045,0.03709677419354838,0.5760226069580519,0.9552906110283157,0.4816901408450703,0.2654690618762474,0.7560975609756099,0.03870967741935484,1.0,1.0,0.436619718309859,0.1550232867598136,0.5393996247654785,0.001612903225806452,0.1073084895390626,0.9061102831594635,0.135211267605634,0.0632069194943446,0.3864915572232645,0.02258064516129032,0.04498277636111483,0.7247888723298558,0.243661971830986,0.2188955422488356,0.2166979362101313,0.01290322580645161,0.0817339954368541,0.6636860407352214,0.5140845070422535,0.3266799733865602,0.5647279549718575,0.01774193548387097,0.001811837337270165,0.2945851962245407,0.6549295774647887,0.5335994677312039,0.6257035647279551,0.00967741935483871,0.0509253045825318,0.1326378539493294,1.0,0.5668662674650695,0.8649155722326456,0.01935483870967742,0.1349185046004265,0.4749130650769994,0.8042253521126764,0.4830339321357284,0.925891181988743,0.01451612903225807,0.3565293249228291,0.7466467958271233,0.7591549295774651,0.2980705256154358,0.9502814258911823,0.07419354838709677,0.2252121266347545,0.6905116741182314,0.7352112676056338,0.2641383898868928,0.8846153846153846,0.1290322580645161,0.1710732340178052,0.7704918032786884,0.6957746478873243,0.419827012641384,0.9155722326454035,0.1209677419354839
2021-11-01,TRAIN,148,0.1193548387096774,-0.5000000000000003,0.8660254037844383,0.5760226069580519,0.9552906110283157,0.4816901408450703,0.2654690618762474,0.7560975609756099,0.03870967741935484,1.0,1.0,0.436619718309859,0.1550232867598136,0.5393996247654785,0.001612903225806452,0.1073084895390626,0.9061102831594635,0.135211267605634,0.0632069194943446,0.3864915572232645,0.02258064516129032,0.04498277636111483,0.7247888723298558,0.243661971830986,0.2188955422488356,0.2166979362101313,0.01290322580645161,0.0817339954368541,0.6636860407352214,0.5140845070422535,0.3266799733865602,0.5647279549718575,0.01774193548387097,0.001811837337270165,0.2945851962245407,0.6549295774647887,0.5335994677312039,0.6257035647279551,0.00967741935483871,0.0509253045825318,0.1326378539493294,1.0,0.5668662674650695,0.8649155722326456,0.01935483870967742,0.1349185046004265,0.4749130650769994,0.8042253521126764,0.4830339321357284,0.925891181988743,0.01451612903225807,0.3565293249228291,0.7466467958271233,0.7591549295774651,0.2980705256154358,0.9502814258911823,0.07419354838709677,0.2252121266347545,0.6905116741182314,0.7352112676056338,0.2641383898868928,0.8846153846153846,0.1290322580645161,0.1710732340178052,0.7704918032786884,0.6957746478873243,0.419827012641384,0.9155722326454035,0.1209677419354839,0.3121504943408044,0.8365623447590659,0.5802816901408454,0.213572854291417,0.7157598499061916,0.05
2021-12-01,TRAIN,66,0.0532258064516129,-2.449293598294706e-16,1.0,1.0,1.0,0.436619718309859,0.1550232867598136,0.5393996247654785,0.001612903225806452,0.1073084895390626,0.9061102831594635,0.135211267605634,0.0632069194943446,0.3864915572232645,0.02258064516129032,0.04498277636111483,0.7247888723298558,0.243661971830986,0.2188955422488356,0.2166979362101313,0.01290322580645161,0.0817339954368541,0.6636860407352214,0.5140845070422535,0.3266799733865602,0.5647279549718575,0.01774193548387097,0.001811837337270165,0.2945851962245407,0.6549295774647887,0.5335994677312039,0.6257035647279551,0.00967741935483871,0.0509253045825318,0.1326378539493294,1.0,0.5668662674650695,0.8649155722326456,0.01935483870967742,0.1349185046004265,0.4749130650769994,0.8042253521126764,0.4830339321357284,0.925891181988743,0.01451612903225807,0.3565293249228291,0.7466467958271233,0.7591549295774651,0.2980705256154358,0.9502814258911823,0.07419354838709677,0.2252121266347545,0.6905116741182314,0.7352112676056338,0.2641383898868928,0.8846153846153846,0.1290322580645161,0.1710732340178052,0.7704918032786884,0.6957746478873243,0.419827012641384,0.9155722326454035,0.1209677419354839,0.3121504943408044,0.8365623447590659,0.5802816901408454,0.213572854291417,0.7157598499061916,0.05,0.1173817086446264,0.8484848484848487,0.5478873239436622,0.1922821024617432,0.7082551594746717,0.1193548387096774
2022-01-01,TRAIN,56,0.04516129032258064,0.4999999999999999,0.8660254037844386,0.1073084895390626,0.9061102831594635,0.135211267605634,0.0632069194943446,0.3864915572232645,0.02258064516129032,0.04498277636111483,0.7247888723298558,0.243661971830986,0.2188955422488356,0.2166979362101313,0.01290322580645161,0.0817339954368541,0.6636860407352214,0.5140845070422535,0.3266799733865602,0.5647279549718575,0.01774193548387097,0.001811837337270165,0.2945851962245407,0.6549295774647887,0.5335994677312039,0.6257035647279551,0.00967741935483871,0.0509253045825318,0.1326378539493294,1.0,0.5668662674650695,0.8649155722326456,0.01935483870967742,0.1349185046004265,0.4749130650769994,0.8042253521126764,0.4830339321357284,0.925891181988743,0.01451612903225807,0.3565293249228291,0.7466467958271233,0.7591549295774651,0.2980705256154358,0.9502814258911823,0.07419354838709677,0.2252121266347545,0.6905116741182314,0.7352112676056338,0.2641383898868928,0.8846153846153846,0.1290322580645161,0.1710732340178052,0.7704918032786884,0.6957746478873243,0.419827012641384,0.9155722326454035,0.1209677419354839,0.3121504943408044,0.8365623447590659,0.5802816901408454,0.213572854291417,0.7157598499061916,0.05,0.1173817086446264,0.8484848484848487,0.5478873239436622,0.1922821024617432,0.7082551594746717,0.1193548387096774,0.04641435154118016,0.8743169398907104,0.1591549295774647,0.1097804391217564,0.3658536585365853,0.0532258064516129
2022-02-01,TRAIN,48,0.03870967741935484,0.8660254037844385,0.5000000000000001,0.04498277636111483,0.7247888723298558,0.243661971830986,0.2188955422488356,0.2166979362101313,0.01290322580645161,0.0817339954368541,0.6636860407352214,0.5140845070422535,0.3266799733865602,0.5647279549718575,0.01774193548387097,0.001811837337270165,0.2945851962245407,0.6549295774647887,0.5335994677312039,0.6257035647279551,0.00967741935483871,0.0509253045825318,0.1326378539493294,1.0,0.5668662674650695,0.8649155722326456,0.01935483870967742,0.1349185046004265,0.4749130650769994,0.8042253521126764,0.4830339321357284,0.925891181988743,0.01451612903225807,0.3565293249228291,0.7466467958271233,0.7591549295774651,0.2980705256154358,0.9502814258911823,0.07419354838709677,0.2252121266347545,0.6905116741182314,0.7352112676056338,0.2641383898868928,0.8846153846153846,0.1290322580645161,0.1710732340178052,0.7704918032786884,0.6957746478873243,0.419827012641384,0.9155722326454035,0.1209677419354839,0.3121504943408044,0.8365623447590659,0.5802816901408454,0.213572854291417,0.7157598499061916,0.05,0.1173817086446264,0.8484848484848487,0.5478873239436622,0.1922821024617432,0.7082551594746717,0.1193548387096774,0.04641435154118016,0.8743169398907104,0.1591549295774647,0.1097804391217564,0.3658536585365853,0.0532258064516129,0.1152045213916104,0.7694982613015401,0.1464788732394365,0.130405854956753,0.3499061913696059,0.04516129032258064
2022-03-01,TRAIN,94,0.07580645161290323,1.0,6.123233995736766e-17,0.0817339954368541,0.6636860407352214,0.5140845070422535,0.3266799733865602,0.5647279549718575,0.01774193548387097,0.001811837337270165,0.2945851962245407,0.6549295774647887,0.5335994677312039,0.6257035647279551,0.00967741935483871,0.0509253045825318,0.1326378539493294,1.0,0.5668662674650695,0.8649155722326456,0.01935483870967742,0.1349185046004265,0.4749130650769994,0.8042253521126764,0.4830339321357284,0.925891181988743,0.01451612903225807,0.3565293249228291,0.7466467958271233,0.7591549295774651,0.2980705256154358,0.9502814258911823,0.07419354838709677,0.2252121266347545,0.6905116741182314,0.7352112676056338,0.2641383898868928,0.8846153846153846,0.1290322580645161,0.1710732340178052,0.7704918032786884,0.6957746478873243,0.419827012641384,0.9155722326454035,0.1209677419354839,0.3121504943408044,0.8365623447590659,0.5802816901408454,0.213572854291417,0.7157598499061916,0.05,0.1173817086446264,0.8484848484848487,0.5478873239436622,0.1922821024617432,0.7082551594746717,0.1193548387096774,0.04641435154118016,0.8743169398907104,0.1591549295774647,0.1097804391217564,0.3658536585365853,0.0532258064516129,0.1152045213916104,0.7694982613015401,0.1464788732394365,0.130405854956753,0.3499061913696059,0.04516129032258064,0.1176948657152657,0.7595628415300546,0.3338028169014087,0.2042581503659348,0.5722326454033771,0.03870967741935484
2022-04-01,TRAIN,140,0.1129032258064516,0.8660254037844387,-0.4999999999999997,0.001811837337270165,0.2945851962245407,0.6549295774647887,0.5335994677312039,0.6257035647279551,0.00967741935483871,0.0509253045825318,0.1326378539493294,1.0,0.5668662674650695,0.8649155722326456,0.01935483870967742,0.1349185046004265,0.4749130650769994,0.8042253521126764,0.4830339321357284,0.925891181988743,0.01451612903225807,0.3565293249228291,0.7466467958271233,0.7591549295774651,0.2980705256154358,0.9502814258911823,0.07419354838709677,0.2252121266347545,0.6905116741182314,0.7352112676056338,0.2641383898868928,0.8846153846153846,0.1290322580645161,0.1710732340178052,0.7704918032786884,0.6957746478873243,0.419827012641384,0.9155722326454035,0.1209677419354839,0.3121504943408044,0.8365623447590659,0.5802816901408454,0.213572854291417,0.7157598499061916,0.05,0.1173817086446264,0.8484848484848487,0.5478873239436622,0.1922821024617432,0.7082551594746717,0.1193548387096774,0.04641435154118016,0.8743169398907104,0.1591549295774647,0.1097804391217564,0.3658536585365853,0.0532258064516129,0.1152045213916104,0.7694982613015401,0.1464788732394365,0.130405854956753,0.3499061913696059,0.04516129032258064,0.1176948657152657,0.7595628415300546,0.3338028169014087,0.2042581503659348,0.5722326454033771,0.03870967741935484,0.04041217435392714,0.6140089418777948,0.5816901408450704,0.3546240851630072,0.5684803001876172,0.07580645161290323
2022-05-01,TRAIN,372,0.3,0.4999999999999999,-0.8660254037844386,0.0509253045825318,0.1326378539493294,1.0,0.5668662674650695,0.8649155722326456,0.01935483870967742,0.1349185046004265,0.4749130650769994,0.8042253521126764,0.4830339321357284,0.925891181988743,0.01451612903225807,0.3565293249228291,0.7466467958271233,0.7591549295774651,0.2980705256154358,0.9502814258911823,0.07419354838709677,0.2252121266347545,0.6905116741182314,0.7352112676056338,0.2641383898868928,0.8846153846153846,0.1290322580645161,0.1710732340178052,0.7704918032786884,0.6957746478873243,0.419827012641384,0.9155722326454035,0.1209677419354839,0.3121504943408044,0.8365623447590659,0.5802816901408454,0.213572854291417,0.7157598499061916,0.05,0.1173817086446264,0.8484848484848487,0.5478873239436622,0.1922821024617432,0.7082551594746717,0.1193548387096774,0.04641435154118016,0.8743169398907104,0.1591549295774647,0.1097804391217564,0.3658536585365853,0.0532258064516129,0.1152045213916104,0.7694982613015401,0.1464788732394365,0.130405854956753,0.3499061913696059,0.04516129032258064,0.1176948657152657,0.7595628415300546,0.3338028169014087,0.2042581503659348,0.5722326454033771,0.03870967741935484,0.04041217435392714,0.6140089418777948,0.5816901408450704,0.3546240851630072,0.5684803001876172,0.07580645161290323,0.1379755140995243,0.6681569796323893,0.6140845070422536,0.3100465735196274,0.7448405253283302,0.1129032258064516
2022-06-01,TRAIN,990,0.7983870967741935,1.224646799147353e-16,-1.0,0.1349185046004265,0.4749130650769994,0.8042253521126764,0.4830339321357284,0.925891181988743,0.01451612903225807,0.3565293249228291,0.7466467958271233,0.7591549295774651,0.2980705256154358,0.9502814258911823,0.07419354838709677,0.2252121266347545,0.6905116741182314,0.7352112676056338,0.2641383898868928,0.8846153846153846,0.1290322580645161,0.1710732340178052,0.7704918032786884,0.6957746478873243,0.419827012641384,0.9155722326454035,0.1209677419354839,0.3121504943408044,0.8365623447590659,0.5802816901408454,0.213572854291417,0.7157598499061916,0.05,0.1173817086446264,0.8484848484848487,0.5478873239436622,0.1922821024617432,0.7082551594746717,0.1193548387096774,0.04641435154118016,0.8743169398907104,0.1591549295774647,0.1097804391217564,0.3658536585365853,0.0532258064516129,0.1152045213916104,0.7694982613015401,0.1464788732394365,0.130405854956753,0.3499061913696059,0.04516129032258064,0.1176948657152657,0.7595628415300546,0.3338028169014087,0.2042581503659348,0.5722326454033771,0.03870967741935484,0.04041217435392714,0.6140089418777948,0.5816901408450704,0.3546240851630072,0.5684803001876172,0.07580645161290323,0.1379755140995243,0.6681569796323893,0.6140845070422536,0.3100465735196274,0.7448405253283302,0.1129032258064516,0.1675464889127485,0.587183308494784,0.7563380281690144,0.332667997338656,0.8977485928705441,0.3
2022-07-01,TRAIN,1240,1.0,-0.4999999999999997,-0.8660254037844387,0.3565293249228291,0.7466467958271233,0.7591549295774651,0.2980705256154358,0.9502814258911823,0.07419354838709677,0.2252121266347545,0.6905116741182314,0.7352112676056338,0.2641383898868928,0.8846153846153846,0.1290322580645161,0.1710732340178052,0.7704918032786884,0.6957746478873243,0.419827012641384,0.9155722326454035,0.1209677419354839,0.3121504943408044,0.8365623447590659,0.5802816901408454,0.213572854291417,0.7157598499061916,0.05,0.1173817086446264,0.8484848484848487,0.5478873239436622,0.1922821024617432,0.7082551594746717,0.1193548387096774,0.04641435154118016,0.8743169398907104,0.1591549295774647,0.1097804391217564,0.3658536585365853,0.0532258064516129,0.1152045213916104,0.7694982613015401,0.1464788732394365,0.130405854956753,0.3499061913696059,0.04516129032258064,0.1176948657152657,0.7595628415300546,0.3338028169014087,0.2042581503659348,0.5722326454033771,0.03870967741935484,0.04041217435392714,0.6140089418777948,0.5816901408450704,0.3546240851630072,0.5684803001876172,0.07580645161290323,0.1379755140995243,0.6681569796323893,0.6140845070422536,0.3100465735196274,0.7448405253283302,0.1129032258064516,0.1675464889127485,0.587183308494784,0.7563380281690144,0.332667997338656,0.8977485928705441,0.3,0.1766355000820173,0.5608544461003477,0.787323943661972,0.3799068529607449,0.9474671669793622,0.7983870967741935
2022-08-01,TRAIN,786,0.6338709677419355,-0.8660254037844383,-0.5000000000000003,0.2252121266347545,0.6905116741182314,0.7352112676056338,0.2641383898868928,0.8846153846153846,0.1290322580645161,0.1710732340178052,0.7704918032786884,0.6957746478873243,0.419827012641384,0.9155722326454035,0.1209677419354839,0.3121504943408044,0.8365623447590659,0.5802816901408454,0.213572854291417,0.7157598499061916,0.05,0.1173817086446264,0.8484848484848487,0.5478873239436622,0.1922821024617432,0.7082551594746717,0.1193548387096774,0.04641435154118016,0.8743169398907104,0.1591549295774647,0.1097804391217564,0.3658536585365853,0.0532258064516129,0.1152045213916104,0.7694982613015401,0.1464788732394365,0.130405854956753,0.3499061913696059,0.04516129032258064,0.1176948657152657,0.7595628415300546,0.3338028169014087,0.2042581503659348,0.5722326454033771,0.03870967741935484,0.04041217435392714,0.6140089418777948,0.5816901408450704,0.3546240851630072,0.5684803001876172,0.07580645161290323,0.1379755140995243,0.6681569796323893,0.6140845070422536,0.3100465735196274,0.7448405253283302,0.1129032258064516,0.1675464889127485,0.587183308494784,0.7563380281690144,0.332667997338656,0.8977485928705441,0.3,0.1766355000820173,0.5608544461003477,0.787323943661972,0.3799068529607449,0.9474671669793622,0.7983870967741935,0.2203731042813045,0.6766020864381519,0.8028169014084509,0.3759148369926812,1.0,1.0
2022-09-01,TRAIN,992,0.8,-1.0,-1.83697019872103e-16,0.1710732340178052,0.7704918032786884,0.6957746478873243,0.419827012641384,0.9155722326454035,0.1209677419354839,0.3121504943408044,0.8365623447590659,0.5802816901408454,0.213572854291417,0.7157598499061916,0.05,0.1173817086446264,0.8484848484848487,0.5478873239436622,0.1922821024617432,0.7082551594746717,0.1193548387096774,0.04641435154118016,0.8743169398907104,0.1591549295774647,0.1097804391217564,0.3658536585365853,0.0532258064516129,0.1152045213916104,0.7694982613015401,0.1464788732394365,0.130405854956753,0.3499061913696059,0.04516129032258064,0.1176948657152657,0.7595628415300546,0.3338028169014087,0.2042581503659348,0.5722326454033771,0.03870967741935484,0.04041217435392714,0.6140089418777948,0.5816901408450704,0.3546240851630072,0.5684803001876172,0.07580645161290323,0.1379755140995243,0.6681569796323893,0.6140845070422536,0.3100465735196274,0.7448405253283302,0.1129032258064516,0.1675464889127485,0.587183308494784,0.7563380281690144,0.332667997338656,0.8977485928705441,0.3,0.1766355000820173,0.5608544461003477,0.787323943661972,0.3799068529607449,0.9474671669793622,0.7983870967741935,0.2203731042813045,0.6766020864381519,0.8028169014084509,0.3759148369926812,1.0,1.0,0.3499082897150271,0.7729756582215596,0.6971830985915494,0.2807717897538256,0.9343339587242027,0.6338709677419355
2022-10-01,TRAIN,928,0.7483870967741936,-0.8660254037844385,0.5,0.3121504943408044,0.8365623447590659,0.5802816901408454,0.213572854291417,0.7157598499061916,0.05,0.1173817086446264,0.8484848484848487,0.5478873239436622,0.1922821024617432,0.7082551594746717,0.1193548387096774,0.04641435154118016,0.8743169398907104,0.1591549295774647,0.1097804391217564,0.3658536585365853,0.0532258064516129,0.1152045213916104,0.7694982613015401,0.1464788732394365,0.130405854956753,0.3499061913696059,0.04516129032258064,0.1176948657152657,0.7595628415300546,0.3338028169014087,0.2042581503659348,0.5722326454033771,0.03870967741935484,0.04041217435392714,0.6140089418777948,0.5816901408450704,0.3546240851630072,0.5684803001876172,0.07580645161290323,0.1379755140995243,0.6681569796323893,0.6140845070422536,0.3100465735196274,0.7448405253283302,0.1129032258064516,0.1675464889127485,0.587183308494784,0.7563380281690144,0.332667997338656,0.8977485928705441,0.3,0.1766355000820173,0.5608544461003477,0.787323943661972,0.3799068529607449,0.9474671669793622,0.7983870967741935,0.2203731042813045,0.6766020864381519,0.8028169014084509,0.3759148369926812,1.0,1.0,0.3499082897150271,0.7729756582215596,0.6971830985915494,0.2807717897538256,0.9343339587242027,0.6338709677419355,0.2270015956098361,0.6929955290611026,0.6859154929577468,0.2914171656686626,0.7673545966228892,0.8
2022-11-01,TRAIN,878,0.7080645161290322,-0.5000000000000003,0.8660254037844383,0.1173817086446264,0.8484848484848487,0.5478873239436622,0.1922821024617432,0.7082551594746717,0.1193548387096774,0.04641435154118016,0.8743169398907104,0.1591549295774647,0.1097804391217564,0.3658536585365853,0.0532258064516129,0.1152045213916104,0.7694982613015401,0.1464788732394365,0.130405854956753,0.3499061913696059,0.04516129032258064,0.1176948657152657,0.7595628415300546,0.3338028169014087,0.2042581503659348,0.5722326454033771,0.03870967741935484,0.04041217435392714,0.6140089418777948,0.5816901408450704,0.3546240851630072,0.5684803001876172,0.07580645161290323,0.1379755140995243,0.6681569796323893,0.6140845070422536,0.3100465735196274,0.7448405253283302,0.1129032258064516,0.1675464889127485,0.587183308494784,0.7563380281690144,0.332667997338656,0.8977485928705441,0.3,0.1766355000820173,0.5608544461003477,0.787323943661972,0.3799068529607449,0.9474671669793622,0.7983870967741935,0.2203731042813045,0.6766020864381519,0.8028169014084509,0.3759148369926812,1.0,1.0,0.3499082897150271,0.7729756582215596,0.6971830985915494,0.2807717897538256,0.9343339587242027,0.6338709677419355,0.2270015956098361,0.6929955290611026,0.6859154929577468,0.2914171656686626,0.7673545966228892,0.8,0.3711209531904741,0.8877297565822154,0.6183098591549299,0.24750499001996,0.8667917448405255,0.7483870967741936
2022-12-01,TRAIN,664,0.535483870967742,-2.449293598294706e-16,1.0,0.04641435154118016,0.8743169398907104,0.1591549295774647,0.1097804391217564,0.3658536585365853,0.0532258064516129,0.1152045213916104,0.7694982613015401,0.1464788732394365,0.130405854956753,0.3499061913696059,0.04516129032258064,0.1176948657152657,0.7595628415300546,0.3338028169014087,0.2042581503659348,0.5722326454033771,0.03870967741935484,0.04041217435392714,0.6140089418777948,0.5816901408450704,0.3546240851630072,0.5684803001876172,0.07580645161290323,0.1379755140995243,0.6681569796323893,0.6140845070422536,0.3100465735196274,0.7448405253283302,0.1129032258064516,0.1675464889127485,0.587183308494784,0.7563380281690144,0.332667997338656,0.8977485928705441,0.3,0.1766355000820173,0.5608544461003477,0.787323943661972,0.3799068529607449,0.9474671669793622,0.7983870967741935,0.2203731042813045,0.6766020864381519,0.8028169014084509,0.3759148369926812,1.0,1.0,0.3499082897150271,0.7729756582215596,0.6971830985915494,0.2807717897538256,0.9343339587242027,0.6338709677419355,0.2270015956098361,0.6929955290611026,0.6859154929577468,0.2914171656686626,0.7673545966228892,0.8,0.3711209531904741,0.8877297565822154,0.6183098591549299,0.24750499001996,0.8667917448405255,0.7483870967741936,0.0789006695596415,0.8544461003477394,0.5535211267605635,0.1709913506320692,0.7120075046904315,0.7080645161290322
2023-01-01,TEST,354,0.2854838709677419,0.4999999999999999,0.8660254037844386,0.1152045213916104,0.7694982613015401,0.1464788732394365,0.130405854956753,0.3499061913696059,0.04516129032258064,0.1176948657152657,0.7595628415300546,0.3338028169014087,0.2042581503659348,0.5722326454033771,0.03870967741935484,0.04041217435392714,0.6140089418777948,0.5816901408450704,0.3546240851630072,0.5684803001876172,0.07580645161290323,0.1379755140995243,0.6681569796323893,0.6140845070422536,0.3100465735196274,0.7448405253283302,0.1129032258064516,0.1675464889127485,0.587183308494784,0.7563380281690144,0.332667997338656,0.8977485928705441,0.3,0.1766355000820173,0.5608544461003477,0.787323943661972,0.3799068529607449,0.9474671669793622,0.7983870967741935,0.2203731042813045,0.6766020864381519,0.8028169014084509,0.3759148369926812,1.0,1.0,0.3499082897150271,0.7729756582215596,0.6971830985915494,0.2807717897538256,0.9343339587242027,0.6338709677419355,0.2270015956098361,0.6929955290611026,0.6859154929577468,0.2914171656686626,0.7673545966228892,0.8,0.3711209531904741,0.8877297565822154,0.6183098591549299,0.24750499001996,0.8667917448405255,0.7483870967741936,0.0789006695596415,0.8544461003477394,0.5535211267605635,0.1709913506320692,0.7120075046904315,0.7080645161290322,0.09677299094826944,0.9071038251366118,0.2535211267605635,0.1390552228875582,0.2636022514071294,0.535483870967742
2023-02-01,TEST,288,0.232258064516129,0.8660254037844385,0.5000000000000001,0.1176948657152657,0.7595628415300546,0.3338028169014087,0.2042581503659348,0.5722326454033771,0.03870967741935484,0.04041217435392714,0.6140089418777948,0.5816901408450704,0.3546240851630072,0.5684803001876172,0.07580645161290323,0.1379755140995243,0.6681569796323893,0.6140845070422536,0.3100465735196274,0.7448405253283302,0.1129032258064516,0.1675464889127485,0.587183308494784,0.7563380281690144,0.332667997338656,0.8977485928705441,0.3,0.1766355000820173,0.5608544461003477,0.787323943661972,0.3799068529607449,0.9474671669793622,0.7983870967741935,0.2203731042813045,0.6766020864381519,0.8028169014084509,0.3759148369926812,1.0,1.0,0.3499082897150271,0.7729756582215596,0.6971830985915494,0.2807717897538256,0.9343339587242027,0.6338709677419355,0.2270015956098361,0.6929955290611026,0.6859154929577468,0.2914171656686626,0.7673545966228892,0.8,0.3711209531904741,0.8877297565822154,0.6183098591549299,0.24750499001996,0.8667917448405255,0.7483870967741936,0.0789006695596415,0.8544461003477394,0.5535211267605635,0.1709913506320692,0.7120075046904315,0.7080645161290322,0.09677299094826944,0.9071038251366118,0.2535211267605635,0.1390552228875582,0.2636022514071294,0.535483870967742,0.1298408863836323,0.874813710879285,0.135211267605634,0.0844976713240186,0.3864915572232645,0.2854838709677419
2023-03-01,TEST,273,0.2201612903225806,1.0,6.123233995736766e-17,0.04041217435392714,0.6140089418777948,0.5816901408450704,0.3546240851630072,0.5684803001876172,0.07580645161290323,0.1379755140995243,0.6681569796323893,0.6140845070422536,0.3100465735196274,0.7448405253283302,0.1129032258064516,0.1675464889127485,0.587183308494784,0.7563380281690144,0.332667997338656,0.8977485928705441,0.3,0.1766355000820173,0.5608544461003477,0.787323943661972,0.3799068529607449,0.9474671669793622,0.7983870967741935,0.2203731042813045,0.6766020864381519,0.8028169014084509,0.3759148369926812,1.0,1.0,0.3499082897150271,0.7729756582215596,0.6971830985915494,0.2807717897538256,0.9343339587242027,0.6338709677419355,0.2270015956098361,0.6929955290611026,0.6859154929577468,0.2914171656686626,0.7673545966228892,0.8,0.3711209531904741,0.8877297565822154,0.6183098591549299,0.24750499001996,0.8667917448405255,0.7483870967741936,0.0789006695596415,0.8544461003477394,0.5535211267605635,0.1709913506320692,0.7120075046904315,0.7080645161290322,0.09677299094826944,0.9071038251366118,0.2535211267605635,0.1390552228875582,0.2636022514071294,0.535483870967742,0.1298408863836323,0.874813710879285,0.135211267605634,0.0844976713240186,0.3864915572232645,0.2854838709677419,0.04386435825168881,0.7198211624441133,0.2281690140845072,0.24750499001996,0.3705440900562852,0.232258064516129
2023-04-01,TEST,256,0.2064516129032258,0.8660254037844387,-0.4999999999999997,0.1379755140995243,0.6681569796323893,0.6140845070422536,0.3100465735196274,0.7448405253283302,0.1129032258064516,0.1675464889127485,0.587183308494784,0.7563380281690144,0.332667997338656,0.8977485928705441,0.3,0.1766355000820173,0.5608544461003477,0.787323943661972,0.3799068529607449,0.9474671669793622,0.7983870967741935,0.2203731042813045,0.6766020864381519,0.8028169014084509,0.3759148369926812,1.0,1.0,0.3499082897150271,0.7729756582215596,0.6971830985915494,0.2807717897538256,0.9343339587242027,0.6338709677419355,0.2270015956098361,0.6929955290611026,0.6859154929577468,0.2914171656686626,0.7673545966228892,0.8,0.3711209531904741,0.8877297565822154,0.6183098591549299,0.24750499001996,0.8667917448405255,0.7483870967741936,0.0789006695596415,0.8544461003477394,0.5535211267605635,0.1709913506320692,0.7120075046904315,0.7080645161290322,0.09677299094826944,0.9071038251366118,0.2535211267605635,0.1390552228875582,0.2636022514071294,0.535483870967742,0.1298408863836323,0.874813710879285,0.135211267605634,0.0844976713240186,0.3864915572232645,0.2854838709677419,0.04386435825168881,0.7198211624441133,0.2281690140845072,0.24750499001996,0.3705440900562852,0.232258064516129,-0.01090084850653902,0.3725782414307003,0.3830985915492957,0.4078509647371922,0.3555347091932458,0.2201612903225806
2023-05-01,TEST,273,0.2201612903225806,0.4999999999999999,-0.8660254037844386,0.1675464889127485,0.587183308494784,0.7563380281690144,0.332667997338656,0.8977485928705441,0.3,0.1766355000820173,0.5608544461003477,0.787323943661972,0.3799068529607449,0.9474671669793622,0.7983870967741935,0.2203731042813045,0.6766020864381519,0.8028169014084509,0.3759148369926812,1.0,1.0,0.3499082897150271,0.7729756582215596,0.6971830985915494,0.2807717897538256,0.9343339587242027,0.6338709677419355,0.2270015956098361,0.6929955290611026,0.6859154929577468,0.2914171656686626,0.7673545966228892,0.8,0.3711209531904741,0.8877297565822154,0.6183098591549299,0.24750499001996,0.8667917448405255,0.7483870967741936,0.0789006695596415,0.8544461003477394,0.5535211267605635,0.1709913506320692,0.7120075046904315,0.7080645161290322,0.09677299094826944,0.9071038251366118,0.2535211267605635,0.1390552228875582,0.2636022514071294,0.535483870967742,0.1298408863836323,0.874813710879285,0.135211267605634,0.0844976713240186,0.3864915572232645,0.2854838709677419,0.04386435825168881,0.7198211624441133,0.2281690140845072,0.24750499001996,0.3705440900562852,0.232258064516129,-0.01090084850653902,0.3725782414307003,0.3830985915492957,0.4078509647371922,0.3555347091932458,0.2201612903225806,0.0483156623272044,0.1639344262295087,0.8380281690140846,0.5522288755821687,0.6632270168855534,0.2064516129032258
2023-06-01,TEST,337,0.2717741935483871,1.224646799147353e-16,-1.0,0.1766355000820173,0.5608544461003477,0.787323943661972,0.3799068529607449,0.9474671669793622,0.7983870967741935,0.2203731042813045,0.6766020864381519,0.8028169014084509,0.3759148369926812,1.0,1.0,0.3499082897150271,0.7729756582215596,0.6971830985915494,0.2807717897538256,0.9343339587242027,0.6338709677419355,0.2270015956098361,0.6929955290611026,0.6859154929577468,0.2914171656686626,0.7673545966228892,0.8,0.3711209531904741,0.8877297565822154,0.6183098591549299,0.24750499001996,0.8667917448405255,0.7483870967741936,0.0789006695596415,0.8544461003477394,0.5535211267605635,0.1709913506320692,0.7120075046904315,0.7080645161290322,0.09677299094826944,0.9071038251366118,0.2535211267605635,0.1390552228875582,0.2636022514071294,0.535483870967742,0.1298408863836323,0.874813710879285,0.135211267605634,0.0844976713240186,0.3864915572232645,0.2854838709677419,0.04386435825168881,0.7198211624441133,0.2281690140845072,0.24750499001996,0.3705440900562852,0.232258064516129,-0.01090084850653902,0.3725782414307003,0.3830985915492957,0.4078509647371922,0.3555347091932458,0.2201612903225806,0.0483156623272044,0.1639344262295087,0.8380281690140846,0.5522288755821687,0.6632270168855534,0.2064516129032258,0.1406597175621468,0.3507203179334326,0.930985915492958,0.5761809713905519,0.7636022514071295,0.2201612903225806
2023-07-01,TEST,399,0.3217741935483871,-0.4999999999999997,-0.8660254037844387,0.2203731042813045,0.6766020864381519,0.8028169014084509,0.3759148369926812,1.0,1.0,0.3499082897150271,0.7729756582215596,0.6971830985915494,0.2807717897538256,0.9343339587242027,0.6338709677419355,0.2270015956098361,0.6929955290611026,0.6859154929577468,0.2914171656686626,0.7673545966228892,0.8,0.3711209531904741,0.8877297565822154,0.6183098591549299,0.24750499001996,0.8667917448405255,0.7483870967741936,0.0789006695596415,0.8544461003477394,0.5535211267605635,0.1709913506320692,0.7120075046904315,0.7080645161290322,0.09677299094826944,0.9071038251366118,0.2535211267605635,0.1390552228875582,0.2636022514071294,0.535483870967742,0.1298408863836323,0.874813710879285,0.135211267605634,0.0844976713240186,0.3864915572232645,0.2854838709677419,0.04386435825168881,0.7198211624441133,0.2281690140845072,0.24750499001996,0.3705440900562852,0.232258064516129,-0.01090084850653902,0.3725782414307003,0.3830985915492957,0.4078509647371922,0.3555347091932458,0.2201612903225806,0.0483156623272044,0.1639344262295087,0.8380281690140846,0.5522288755821687,0.6632270168855534,0.2064516129032258,0.1406597175621468,0.3507203179334326,0.930985915492958,0.5761809713905519,0.7636022514071295,0.2201612903225806,0.2018819248721275,0.6304023845007455,0.8535211267605635,0.4550898203592811,1.00656660412758,0.2717741935483871
2023-08-01,TEST,470,0.3790322580645161,-0.8660254037844383,-0.5000000000000003,0.3499082897150271,0.7729756582215596,0.6971830985915494,0.2807717897538256,0.9343339587242027,0.6338709677419355,0.2270015956098361,0.6929955290611026,0.6859154929577468,0.2914171656686626,0.7673545966228892,0.8,0.3711209531904741,0.8877297565822154,0.6183098591549299,0.24750499001996,0.8667917448405255,0.7483870967741936,0.0789006695596415,0.8544461003477394,0.5535211267605635,0.1709913506320692,0.7120075046904315,0.7080645161290322,0.09677299094826944,0.9071038251366118,0.2535211267605635,0.1390552228875582,0.2636022514071294,0.535483870967742,0.1298408863836323,0.874813710879285,0.135211267605634,0.0844976713240186,0.3864915572232645,0.2854838709677419,0.04386435825168881,0.7198211624441133,0.2281690140845072,0.24750499001996,0.3705440900562852,0.232258064516129,-0.01090084850653902,0.3725782414307003,0.3830985915492957,0.4078509647371922,0.3555347091932458,0.2201612903225806,0.0483156623272044,0.1639344262295087,0.8380281690140846,0.5522288755821687,0.6632270168855534,0.2064516129032258,0.1406597175621468,0.3507203179334326,0.930985915492958,0.5761809713905519,0.7636022514071295,0.2201612903225806,0.2018819248721275,0.6304023845007455,0.8535211267605635,0.4550898203592811,1.00656660412758,0.2717741935483871,0.3133136491746075,0.6323894684550421,0.8197183098591552,0.3599467731204258,0.9427767354596623,0.3217741935483871
2023-09-01,TEST,456,0.367741935483871,-1.0,-1.83697019872103e-16,0.2270015956098361,0.6929955290611026,0.6859154929577468,0.2914171656686626,0.7673545966228892,0.8,0.3711209531904741,0.8877297565822154,0.6183098591549299,0.24750499001996,0.8667917448405255,0.7483870967741936,0.0789006695596415,0.8544461003477394,0.5535211267605635,0.1709913506320692,0.7120075046904315,0.7080645161290322,0.09677299094826944,0.9071038251366118,0.2535211267605635,0.1390552228875582,0.2636022514071294,0.535483870967742,0.1298408863836323,0.874813710879285,0.135211267605634,0.0844976713240186,0.3864915572232645,0.2854838709677419,0.04386435825168881,0.7198211624441133,0.2281690140845072,0.24750499001996,0.3705440900562852,0.232258064516129,-0.01090084850653902,0.3725782414307003,0.3830985915492957,0.4078509647371922,0.3555347091932458,0.2201612903225806,0.0483156623272044,0.1639344262295087,0.8380281690140846,0.5522288755821687,0.6632270168855534,0.2064516129032258,0.1406597175621468,0.3507203179334326,0.930985915492958,0.5761809713905519,0.7636022514071295,0.2201612903225806,0.2018819248721275,0.6304023845007455,0.8535211267605635,0.4550898203592811,1.00656660412758,0.2717741935483871,0.3133136491746075,0.6323894684550421,0.8197183098591552,0.3599467731204258,0.9427767354596623,0.3217741935483871,0.2265616844867952,0.6924987580725288,0.8169014084507046,0.360612109115103,0.9887429643527207,0.3790322580645161
2023-10-01,TEST,394,0.317741935483871,-0.8660254037844385,0.5,0.3711209531904741,0.8877297565822154,0.6183098591549299,0.24750499001996,0.8667917448405255,0.7483870967741936,0.0789006695596415,0.8544461003477394,0.5535211267605635,0.1709913506320692,0.7120075046904315,0.7080645161290322,0.09677299094826944,0.9071038251366118,0.2535211267605635,0.1390552228875582,0.2636022514071294,0.535483870967742,0.1298408863836323,0.874813710879285,0.135211267605634,0.0844976713240186,0.3864915572232645,0.2854838709677419,0.04386435825168881,0.7198211624441133,0.2281690140845072,0.24750499001996,0.3705440900562852,0.232258064516129,-0.01090084850653902,0.3725782414307003,0.3830985915492957,0.4078509647371922,0.3555347091932458,0.2201612903225806,0.0483156623272044,0.1639344262295087,0.8380281690140846,0.5522288755821687,0.6632270168855534,0.2064516129032258,0.1406597175621468,0.3507203179334326,0.930985915492958,0.5761809713905519,0.7636022514071295,0.2201612903225806,0.2018819248721275,0.6304023845007455,0.8535211267605635,0.4550898203592811,1.00656660412758,0.2717741935483871,0.3133136491746075,0.6323894684550421,0.8197183098591552,0.3599467731204258,0.9427767354596623,0.3217741935483871,0.2265616844867952,0.6924987580725288,0.8169014084507046,0.360612109115103,0.9887429643527207,0.3790322580645161,0.2465739125247916,0.7059115747640339,0.8380281690140846,0.622754491017964,0.9652908067542216,0.367741935483871
2023-11-01,TEST,328,0.2645161290322581,-0.5000000000000003,0.8660254037844383,0.0789006695596415,0.8544461003477394,0.5535211267605635,0.1709913506320692,0.7120075046904315,0.7080645161290322,0.09677299094826944,0.9071038251366118,0.2535211267605635,0.1390552228875582,0.2636022514071294,0.535483870967742,0.1298408863836323,0.874813710879285,0.135211267605634,0.0844976713240186,0.3864915572232645,0.2854838709677419,0.04386435825168881,0.7198211624441133,0.2281690140845072,0.24750499001996,0.3705440900562852,0.232258064516129,-0.01090084850653902,0.3725782414307003,0.3830985915492957,0.4078509647371922,0.3555347091932458,0.2201612903225806,0.0483156623272044,0.1639344262295087,0.8380281690140846,0.5522288755821687,0.6632270168855534,0.2064516129032258,0.1406597175621468,0.3507203179334326,0.930985915492958,0.5761809713905519,0.7636022514071295,0.2201612903225806,0.2018819248721275,0.6304023845007455,0.8535211267605635,0.4550898203592811,1.00656660412758,0.2717741935483871,0.3133136491746075,0.6323894684550421,0.8197183098591552,0.3599467731204258,0.9427767354596623,0.3217741935483871,0.2265616844867952,0.6924987580725288,0.8169014084507046,0.360612109115103,0.9887429643527207,0.3790322580645161,0.2465739125247916,0.7059115747640339,0.8380281690140846,0.622754491017964,0.9652908067542216,0.367741935483871,0.09932298423776077,0.7809239940387485,0.6788732394366199,0.2275449101796406,0.8452157598499063,0.317741935483871
2023-12-01,TEST,274,0.2209677419354839,-2.449293598294706e-16,1.0,0.09677299094826944,0.9071038251366118,0.2535211267605635,0.1390552228875582,0.2636022514071294,0.535483870967742,0.1298408863836323,0.874813710879285,0.135211267605634,0.0844976713240186,0.3864915572232645,0.2854838709677419,0.04386435825168881,0.7198211624441133,0.2281690140845072,0.24750499001996,0.3705440900562852,0.232258064516129,-0.01090084850653902,0.3725782414307003,0.3830985915492957,0.4078509647371922,0.3555347091932458,0.2201612903225806,0.0483156623272044,0.1639344262295087,0.8380281690140846,0.5522288755821687,0.6632270168855534,0.2064516129032258,0.1406597175621468,0.3507203179334326,0.930985915492958,0.5761809713905519,0.7636022514071295,0.2201612903225806,0.2018819248721275,0.6304023845007455,0.8535211267605635,0.4550898203592811,1.00656660412758,0.2717741935483871,0.3133136491746075,0.6323894684550421,0.8197183098591552,0.3599467731204258,0.9427767354596623,0.3217741935483871,0.2265616844867952,0.6924987580725288,0.8169014084507046,0.360612109115103,0.9887429643527207,0.3790322580645161,0.2465739125247916,0.7059115747640339,0.8380281690140846,0.622754491017964,0.9652908067542216,0.367741935483871,0.09932298423776077,0.7809239940387485,0.6788732394366199,0.2275449101796406,0.8452157598499063,0.317741935483871,0.08092873439806737,0.858917039244908,0.5140845070422535,0.2002661343978708,0.6078799249530956,0.2645161290322581
2024-01-01,TEST,356,0.2870967741935484,0.4999999999999999,0.8660254037844386,0.1298408863836323,0.874813710879285,0.135211267605634,0.0844976713240186,0.3864915572232645,0.2854838709677419,0.04386435825168881,0.7198211624441133,0.2281690140845072,0.24750499001996,0.3705440900562852,0.232258064516129,-0.01090084850653902,0.3725782414307003,0.3830985915492957,0.4078509647371922,0.3555347091932458,0.2201612903225806,0.0483156623272044,0.1639344262295087,0.8380281690140846,0.5522288755821687,0.6632270168855534,0.2064516129032258,0.1406597175621468,0.3507203179334326,0.930985915492958,0.5761809713905519,0.7636022514071295,0.2201612903225806,0.2018819248721275,0.6304023845007455,0.8535211267605635,0.4550898203592811,1.00656660412758,0.2717741935483871,0.3133136491746075,0.6323894684550421,0.8197183098591552,0.3599467731204258,0.9427767354596623,0.3217741935483871,0.2265616844867952,0.6924987580725288,0.8169014084507046,0.360612109115103,0.9887429643527207,0.3790322580645161,0.2465739125247916,0.7059115747640339,0.8380281690140846,0.622754491017964,0.9652908067542216,0.367741935483871,0.09932298423776077,0.7809239940387485,0.6788732394366199,0.2275449101796406,0.8452157598499063,0.317741935483871,0.08092873439806737,0.858917039244908,0.5140845070422535,0.2002661343978708,0.6078799249530956,0.2645161290322581,0.1333452631265006,0.8768007948335815,0.4450704225352114,0.1976047904191616,0.6613508442776735,0.2209677419354839
2024-02-01,TEST,302,0.2435483870967742,0.8660254037844385,0.5000000000000001,0.04386435825168881,0.7198211624441133,0.2281690140845072,0.24750499001996,0.3705440900562852,0.232258064516129,-0.01090084850653902,0.3725782414307003,0.3830985915492957,0.4078509647371922,0.3555347091932458,0.2201612903225806,0.0483156623272044,0.1639344262295087,0.8380281690140846,0.5522288755821687,0.6632270168855534,0.2064516129032258,0.1406597175621468,0.3507203179334326,0.930985915492958,0.5761809713905519,0.7636022514071295,0.2201612903225806,0.2018819248721275,0.6304023845007455,0.8535211267605635,0.4550898203592811,1.00656660412758,0.2717741935483871,0.3133136491746075,0.6323894684550421,0.8197183098591552,0.3599467731204258,0.9427767354596623,0.3217741935483871,0.2265616844867952,0.6924987580725288,0.8169014084507046,0.360612109115103,0.9887429643527207,0.3790322580645161,0.2465739125247916,0.7059115747640339,0.8380281690140846,0.622754491017964,0.9652908067542216,0.367741935483871,0.09932298423776077,0.7809239940387485,0.6788732394366199,0.2275449101796406,0.8452157598499063,0.317741935483871,0.08092873439806737,0.858917039244908,0.5140845070422535,0.2002661343978708,0.6078799249530956,0.2645161290322581,0.1333452631265006,0.8768007948335815,0.4450704225352114,0.1976047904191616,0.6613508442776735,0.2209677419354839,0.003243412517335482,0.7580725285643317,0.1535211267605634,0.1417165668662674,0.3958724202626641,0.2870967741935484
2024-03-01,TEST,297,0.2395161290322581,1.0,6.123233995736766e-17,-0.01090084850653902,0.3725782414307003,0.3830985915492957,0.4078509647371922,0.3555347091932458,0.2201612903225806,0.0483156623272044,0.1639344262295087,0.8380281690140846,0.5522288755821687,0.6632270168855534,0.2064516129032258,0.1406597175621468,0.3507203179334326,0.930985915492958,0.5761809713905519,0.7636022514071295,0.2201612903225806,0.2018819248721275,0.6304023845007455,0.8535211267605635,0.4550898203592811,1.00656660412758,0.2717741935483871,0.3133136491746075,0.6323894684550421,0.8197183098591552,0.3599467731204258,0.9427767354596623,0.3217741935483871,0.2265616844867952,0.6924987580725288,0.8169014084507046,0.360612109115103,0.9887429643527207,0.3790322580645161,0.2465739125247916,0.7059115747640339,0.8380281690140846,0.622754491017964,0.9652908067542216,0.367741935483871,0.09932298423776077,0.7809239940387485,0.6788732394366199,0.2275449101796406,0.8452157598499063,0.317741935483871,0.08092873439806737,0.858917039244908,0.5140845070422535,0.2002661343978708,0.6078799249530956,0.2645161290322581,0.1333452631265006,0.8768007948335815,0.4450704225352114,0.1976047904191616,0.6613508442776735,0.2209677419354839,0.003243412517335482,0.7580725285643317,0.1535211267605634,0.1417165668662674,0.3958724202626641,0.2870967741935484,0.00895480099613773,0.5489319423745657,0.2887323943661974,0.1956087824351296,0.3855534709193246,0.2435483870967742
2024-04-01,TEST,286,0.2306451612903226,0.8660254037844387,-0.4999999999999997,0.0483156623272044,0.1639344262295087,0.8380281690140846,0.5522288755821687,0.6632270168855534,0.2064516129032258,0.1406597175621468,0.3507203179334326,0.930985915492958,0.5761809713905519,0.7636022514071295,0.2201612903225806,0.2018819248721275,0.6304023845007455,0.8535211267605635,0.4550898203592811,1.00656660412758,0.2717741935483871,0.3133136491746075,0.6323894684550421,0.8197183098591552,0.3599467731204258,0.9427767354596623,0.3217741935483871,0.2265616844867952,0.6924987580725288,0.8169014084507046,0.360612109115103,0.9887429643527207,0.3790322580645161,0.2465739125247916,0.7059115747640339,0.8380281690140846,0.622754491017964,0.9652908067542216,0.367741935483871,0.09932298423776077,0.7809239940387485,0.6788732394366199,0.2275449101796406,0.8452157598499063,0.317741935483871,0.08092873439806737,0.858917039244908,0.5140845070422535,0.2002661343978708,0.6078799249530956,0.2645161290322581,0.1333452631265006,0.8768007948335815,0.4450704225352114,0.1976047904191616,0.6613508442776735,0.2209677419354839,0.003243412517335482,0.7580725285643317,0.1535211267605634,0.1417165668662674,0.3958724202626641,0.2870967741935484,0.00895480099613773,0.5489319423745657,0.2887323943661974,0.1956087824351296,0.3855534709193246,0.2435483870967742,0.05830686410474358,0.35270740188773,0.5535211267605635,0.4763805721889552,0.5656660412757974,0.2395161290322581
2024-05-01,TEST,319,0.257258064516129,0.4999999999999999,-0.8660254037844386,0.1406597175621468,0.3507203179334326,0.930985915492958,0.5761809713905519,0.7636022514071295,0.2201612903225806,0.2018819248721275,0.6304023845007455,0.8535211267605635,0.4550898203592811,1.00656660412758,0.2717741935483871,0.3133136491746075,0.6323894684550421,0.8197183098591552,0.3599467731204258,0.9427767354596623,0.3217741935483871,0.2265616844867952,0.6924987580725288,0.8169014084507046,0.360612109115103,0.9887429643527207,0.3790322580645161,0.2465739125247916,0.7059115747640339,0.8380281690140846,0.622754491017964,0.9652908067542216,0.367741935483871,0.09932298423776077,0.7809239940387485,0.6788732394366199,0.2275449101796406,0.8452157598499063,0.317741935483871,0.08092873439806737,0.858917039244908,0.5140845070422535,0.2002661343978708,0.6078799249530956,0.2645161290322581,0.1333452631265006,0.8768007948335815,0.4450704225352114,0.1976047904191616,0.6613508442776735,0.2209677419354839,0.003243412517335482,0.7580725285643317,0.1535211267605634,0.1417165668662674,0.3958724202626641,0.2870967741935484,0.00895480099613773,0.5489319423745657,0.2887323943661974,0.1956087824351296,0.3855534709193246,0.2435483870967742,0.05830686410474358,0.35270740188773,0.5535211267605635,0.4763805721889552,0.5656660412757974,0.2395161290322581,0.02358370986743017,-0.0392449080973667,0.9676056338028173,0.6899534264803724,0.7045028142589119,0.2306451612903226
2024-06-01,TEST,417,0.3362903225806452,1.224646799147353e-16,-1.0,0.2018819248721275,0.6304023845007455,0.8535211267605635,0.4550898203592811,1.00656660412758,0.2717741935483871,0.3133136491746075,0.6323894684550421,0.8197183098591552,0.3599467731204258,0.9427767354596623,0.3217741935483871,0.2265616844867952,0.6924987580725288,0.8169014084507046,0.360612109115103,0.9887429643527207,0.3790322580645161,0.2465739125247916,0.7059115747640339,0.8380281690140846,0.622754491017964,0.9652908067542216,0.367741935483871,0.09932298423776077,0.7809239940387485,0.6788732394366199,0.2275449101796406,0.8452157598499063,0.317741935483871,0.08092873439806737,0.858917039244908,0.5140845070422535,0.2002661343978708,0.6078799249530956,0.2645161290322581,0.1333452631265006,0.8768007948335815,0.4450704225352114,0.1976047904191616,0.6613508442776735,0.2209677419354839,0.003243412517335482,0.7580725285643317,0.1535211267605634,0.1417165668662674,0.3958724202626641,0.2870967741935484,0.00895480099613773,0.5489319423745657,0.2887323943661974,0.1956087824351296,0.3855534709193246,0.2435483870967742,0.05830686410474358,0.35270740188773,0.5535211267605635,0.4763805721889552,0.5656660412757974,0.2395161290322581,0.02358370986743017,-0.0392449080973667,0.9676056338028173,0.6899534264803724,0.7045028142589119,0.2306451612903226,0.188267048420048,0.3825136612021858,0.9549295774647891,0.642049234863606,1.043151969981238,0.257258064516129
2024-07-01,TEST,492,0.3967741935483871,-0.4999999999999997,-0.8660254037844387,0.3133136491746075,0.6323894684550421,0.8197183098591552,0.3599467731204258,0.9427767354596623,0.3217741935483871,0.2265616844867952,0.6924987580725288,0.8169014084507046,0.360612109115103,0.9887429643527207,0.3790322580645161,0.2465739125247916,0.7059115747640339,0.8380281690140846,0.622754491017964,0.9652908067542216,0.367741935483871,0.09932298423776077,0.7809239940387485,0.6788732394366199,0.2275449101796406,0.8452157598499063,0.317741935483871,0.08092873439806737,0.858917039244908,0.5140845070422535,0.2002661343978708,0.6078799249530956,0.2645161290322581,0.1333452631265006,0.8768007948335815,0.4450704225352114,0.1976047904191616,0.6613508442776735,0.2209677419354839,0.003243412517335482,0.7580725285643317,0.1535211267605634,0.1417165668662674,0.3958724202626641,0.2870967741935484,0.00895480099613773,0.5489319423745657,0.2887323943661974,0.1956087824351296,0.3855534709193246,0.2435483870967742,0.05830686410474358,0.35270740188773,0.5535211267605635,0.4763805721889552,0.5656660412757974,0.2395161290322581,0.02358370986743017,-0.0392449080973667,0.9676056338028173,0.6899534264803724,0.7045028142589119,0.2306451612903226,0.188267048420048,0.3825136612021858,0.9549295774647891,0.642049234863606,1.043151969981238,0.257258064516129,0.1027080630489569,0.573770491803279,0.9000000000000004,0.4597471723220223,0.9812382739212008,0.3362903225806452
2024-08-01,TEST,532,0.4290322580645161,-0.8660254037844383,-0.5000000000000003,0.2265616844867952,0.6924987580725288,0.8169014084507046,0.360612109115103,0.9887429643527207,0.3790322580645161,0.2465739125247916,0.7059115747640339,0.8380281690140846,0.622754491017964,0.9652908067542216,0.367741935483871,0.09932298423776077,0.7809239940387485,0.6788732394366199,0.2275449101796406,0.8452157598499063,0.317741935483871,0.08092873439806737,0.858917039244908,0.5140845070422535,0.2002661343978708,0.6078799249530956,0.2645161290322581,0.1333452631265006,0.8768007948335815,0.4450704225352114,0.1976047904191616,0.6613508442776735,0.2209677419354839,0.003243412517335482,0.7580725285643317,0.1535211267605634,0.1417165668662674,0.3958724202626641,0.2870967741935484,0.00895480099613773,0.5489319423745657,0.2887323943661974,0.1956087824351296,0.3855534709193246,0.2435483870967742,0.05830686410474358,0.35270740188773,0.5535211267605635,0.4763805721889552,0.5656660412757974,0.2395161290322581,0.02358370986743017,-0.0392449080973667,0.9676056338028173,0.6899534264803724,0.7045028142589119,0.2306451612903226,0.188267048420048,0.3825136612021858,0.9549295774647891,0.642049234863606,1.043151969981238,0.257258064516129,0.1027080630489569,0.573770491803279,0.9000000000000004,0.4597471723220223,0.9812382739212008,0.3362903225806452,0.3639481650486885,0.727272727272727,0.7704225352112677,0.300731869594145,0.9699812382739211,0.3967741935483871
2024-09-01,TEST,532,0.4290322580645161,-1.0,-1.83697019872103e-16,0.2465739125247916,0.7059115747640339,0.8380281690140846,0.622754491017964,0.9652908067542216,0.367741935483871,0.09932298423776077,0.7809239940387485,0.6788732394366199,0.2275449101796406,0.8452157598499063,0.317741935483871,0.08092873439806737,0.858917039244908,0.5140845070422535,0.2002661343978708,0.6078799249530956,0.2645161290322581,0.1333452631265006,0.8768007948335815,0.4450704225352114,0.1976047904191616,0.6613508442776735,0.2209677419354839,0.003243412517335482,0.7580725285643317,0.1535211267605634,0.1417165668662674,0.3958724202626641,0.2870967741935484,0.00895480099613773,0.5489319423745657,0.2887323943661974,0.1956087824351296,0.3855534709193246,0.2435483870967742,0.05830686410474358,0.35270740188773,0.5535211267605635,0.4763805721889552,0.5656660412757974,0.2395161290322581,0.02358370986743017,-0.0392449080973667,0.9676056338028173,0.6899534264803724,0.7045028142589119,0.2306451612903226,0.188267048420048,0.3825136612021858,0.9549295774647891,0.642049234863606,1.043151969981238,0.257258064516129,0.1027080630489569,0.573770491803279,0.9000000000000004,0.4597471723220223,0.9812382739212008,0.3362903225806452,0.3639481650486885,0.727272727272727,0.7704225352112677,0.300731869594145,0.9699812382739211,0.3967741935483871,0.1383930568603767,0.6631892697466469,0.8492957746478877,0.5894876912840984,1.00093808630394,0.4290322580645161
2024-10-01,TEST,469,0.3782258064516129,-0.8660254037844385,0.5,0.09932298423776077,0.7809239940387485,0.6788732394366199,0.2275449101796406,0.8452157598499063,0.317741935483871,0.08092873439806737,0.858917039244908,0.5140845070422535,0.2002661343978708,0.6078799249530956,0.2645161290322581,0.1333452631265006,0.8768007948335815,0.4450704225352114,0.1976047904191616,0.6613508442776735,0.2209677419354839,0.003243412517335482,0.7580725285643317,0.1535211267605634,0.1417165668662674,0.3958724202626641,0.2870967741935484,0.00895480099613773,0.5489319423745657,0.2887323943661974,0.1956087824351296,0.3855534709193246,0.2435483870967742,0.05830686410474358,0.35270740188773,0.5535211267605635,0.4763805721889552,0.5656660412757974,0.2395161290322581,0.02358370986743017,-0.0392449080973667,0.9676056338028173,0.6899534264803724,0.7045028142589119,0.2306451612903226,0.188267048420048,0.3825136612021858,0.9549295774647891,0.642049234863606,1.043151969981238,0.257258064516129,0.1027080630489569,0.573770491803279,0.9000000000000004,0.4597471723220223,0.9812382739212008,0.3362903225806452,0.3639481650486885,0.727272727272727,0.7704225352112677,0.300731869594145,0.9699812382739211,0.3967741935483871,0.1383930568603767,0.6631892697466469,0.8492957746478877,0.5894876912840984,1.00093808630394,0.4290322580645161,0.4262962465888248,0.7913561847988078,0.7309859154929581,0.2781104457751164,0.8902439024390245,0.4290322580645161
2024-11-01,TEST,405,0.3266129032258064,-0.5000000000000003,0.8660254037844383,0.08092873439806737,0.858917039244908,0.5140845070422535,0.2002661343978708,0.6078799249530956,0.2645161290322581,0.1333452631265006,0.8768007948335815,0.4450704225352114,0.1976047904191616,0.6613508442776735,0.2209677419354839,0.003243412517335482,0.7580725285643317,0.1535211267605634,0.1417165668662674,0.3958724202626641,0.2870967741935484,0.00895480099613773,0.5489319423745657,0.2887323943661974,0.1956087824351296,0.3855534709193246,0.2435483870967742,0.05830686410474358,0.35270740188773,0.5535211267605635,0.4763805721889552,0.5656660412757974,0.2395161290322581,0.02358370986743017,-0.0392449080973667,0.9676056338028173,0.6899534264803724,0.7045028142589119,0.2306451612903226,0.188267048420048,0.3825136612021858,0.9549295774647891,0.642049234863606,1.043151969981238,0.257258064516129,0.1027080630489569,0.573770491803279,0.9000000000000004,0.4597471723220223,0.9812382739212008,0.3362903225806452,0.3639481650486885,0.727272727272727,0.7704225352112677,0.300731869594145,0.9699812382739211,0.3967741935483871,0.1383930568603767,0.6631892697466469,0.8492957746478877,0.5894876912840984,1.00093808630394,0.4290322580645161,0.4262962465888248,0.7913561847988078,0.7309859154929581,0.2781104457751164,0.8902439024390245,0.4290322580645161,0.3251614250137938,0.808246398410333,0.6661971830985918,0.249500998003992,0.7392120075046906,0.3782258064516129
2024-12-01,TEST,342,0.2758064516129032,-2.449293598294706e-16,1.0,0.1333452631265006,0.8768007948335815,0.4450704225352114,0.1976047904191616,0.6613508442776735,0.2209677419354839,0.003243412517335482,0.7580725285643317,0.1535211267605634,0.1417165668662674,0.3958724202626641,0.2870967741935484,0.00895480099613773,0.5489319423745657,0.2887323943661974,0.1956087824351296,0.3855534709193246,0.2435483870967742,0.05830686410474358,0.35270740188773,0.5535211267605635,0.4763805721889552,0.5656660412757974,0.2395161290322581,0.02358370986743017,-0.0392449080973667,0.9676056338028173,0.6899534264803724,0.7045028142589119,0.2306451612903226,0.188267048420048,0.3825136612021858,0.9549295774647891,0.642049234863606,1.043151969981238,0.257258064516129,0.1027080630489569,0.573770491803279,0.9000000000000004,0.4597471723220223,0.9812382739212008,0.3362903225806452,0.3639481650486885,0.727272727272727,0.7704225352112677,0.300731869594145,0.9699812382739211,0.3967741935483871,0.1383930568603767,0.6631892697466469,0.8492957746478877,0.5894876912840984,1.00093808630394,0.4290322580645161,0.4262962465888248,0.7913561847988078,0.7309859154929581,0.2781104457751164,0.8902439024390245,0.4290322580645161,0.3251614250137938,0.808246398410333,0.6661971830985918,0.249500998003992,0.7392120075046906,0.3782258064516129,0.2545295933431754,0.8941877794336807,0.552112676056338,0.1543579507651364,0.7485928705440901,0.3266129032258064
2025-01-01,TEST,128,0.1032258064516129,0.4999999999999999,0.8660254037844386,0.003243412517335482,0.7580725285643317,0.1535211267605634,0.1417165668662674,0.3958724202626641,0.2870967741935484,0.00895480099613773,0.5489319423745657,0.2887323943661974,0.1956087824351296,0.3855534709193246,0.2435483870967742,0.05830686410474358,0.35270740188773,0.5535211267605635,0.4763805721889552,0.5656660412757974,0.2395161290322581,0.02358370986743017,-0.0392449080973667,0.9676056338028173,0.6899534264803724,0.7045028142589119,0.2306451612903226,0.188267048420048,0.3825136612021858,0.9549295774647891,0.642049234863606,1.043151969981238,0.257258064516129,0.1027080630489569,0.573770491803279,0.9000000000000004,0.4597471723220223,0.9812382739212008,0.3362903225806452,0.3639481650486885,0.727272727272727,0.7704225352112677,0.300731869594145,0.9699812382739211,0.3967741935483871,0.1383930568603767,0.6631892697466469,0.8492957746478877,0.5894876912840984,1.00093808630394,0.4290322580645161,0.4262962465888248,0.7913561847988078,0.7309859154929581,0.2781104457751164,0.8902439024390245,0.4290322580645161,0.3251614250137938,0.808246398410333,0.6661971830985918,0.249500998003992,0.7392120075046906,0.3782258064516129,0.2545295933431754,0.8941877794336807,0.552112676056338,0.1543579507651364,0.7485928705440901,0.3266129032258064,0.1794166331141234,0.9493293591654249,0.4197183098591551,0.09314703925482358,0.7570356472795496,0.2758064516129032
2025-02-01,TEST,110,0.08870967741935484,0.8660254037844385,0.5000000000000001,0.00895480099613773,0.5489319423745657,0.2887323943661974,0.1956087824351296,0.3855534709193246,0.2435483870967742,0.05830686410474358,0.35270740188773,0.5535211267605635,0.4763805721889552,0.5656660412757974,0.2395161290322581,0.02358370986743017,-0.0392449080973667,0.9676056338028173,0.6899534264803724,0.7045028142589119,0.2306451612903226,0.188267048420048,0.3825136612021858,0.9549295774647891,0.642049234863606,1.043151969981238,0.257258064516129,0.1027080630489569,0.573770491803279,0.9000000000000004,0.4597471723220223,0.9812382739212008,0.3362903225806452,0.3639481650486885,0.727272727272727,0.7704225352112677,0.300731869594145,0.9699812382739211,0.3967741935483871,0.1383930568603767,0.6631892697466469,0.8492957746478877,0.5894876912840984,1.00093808630394,0.4290322580645161,0.4262962465888248,0.7913561847988078,0.7309859154929581,0.2781104457751164,0.8902439024390245,0.4290322580645161,0.3251614250137938,0.808246398410333,0.6661971830985918,0.249500998003992,0.7392120075046906,0.3782258064516129,0.2545295933431754,0.8941877794336807,0.552112676056338,0.1543579507651364,0.7485928705440901,0.3266129032258064,0.1794166331141234,0.9493293591654249,0.4197183098591551,0.09314703925482358,0.7570356472795496,0.2758064516129032,0.08511907424805022,0.8753104818678588,0.2253521126760561,0.1630073186959414,0.5844277673545966,0.1032258064516129
2025-03-01,TEST,108,0.08709677419354839,1.0,6.123233995736766e-17,0.05830686410474358,0.35270740188773,0.5535211267605635,0.4763805721889552,0.5656660412757974,0.2395161290322581,0.02358370986743017,-0.0392449080973667,0.9676056338028173,0.6899534264803724,0.7045028142589119,0.2306451612903226,0.188267048420048,0.3825136612021858,0.9549295774647891,0.642049234863606,1.043151969981238,0.257258064516129,0.1027080630489569,0.573770491803279,0.9000000000000004,0.4597471723220223,0.9812382739212008,0.3362903225806452,0.3639481650486885,0.727272727272727,0.7704225352112677,0.300731869594145,0.9699812382739211,0.3967741935483871,0.1383930568603767,0.6631892697466469,0.8492957746478877,0.5894876912840984,1.00093808630394,0.4290322580645161,0.4262962465888248,0.7913561847988078,0.7309859154929581,0.2781104457751164,0.8902439024390245,0.4290322580645161,0.3251614250137938,0.808246398410333,0.6661971830985918,0.249500998003992,0.7392120075046906,0.3782258064516129,0.2545295933431754,0.8941877794336807,0.552112676056338,0.1543579507651364,0.7485928705440901,0.3266129032258064,0.1794166331141234,0.9493293591654249,0.4197183098591551,0.09314703925482358,0.7570356472795496,0.2758064516129032,0.08511907424805022,0.8753104818678588,0.2253521126760561,0.1630073186959414,0.5844277673545966,0.1032258064516129,0.151769337449112,0.7983109786388475,0.3028169014084506,0.2215568862275448,0.551594746716698,0.08870967741935484
2025-04-01,TEST,104,0.08387096774193549,0.8660254037844387,-0.4999999999999997,0.02358370986743017,-0.0392449080973667,0.9676056338028173,0.6899534264803724,0.7045028142589119,0.2306451612903226,0.188267048420048,0.3825136612021858,0.9549295774647891,0.642049234863606,1.043151969981238,0.257258064516129,0.1027080630489569,0.573770491803279,0.9000000000000004,0.4597471723220223,0.9812382739212008,0.3362903225806452,0.3639481650486885,0.727272727272727,0.7704225352112677,0.300731869594145,0.9699812382739211,0.3967741935483871,0.1383930568603767,0.6631892697466469,0.8492957746478877,0.5894876912840984,1.00093808630394,0.4290322580645161,0.4262962465888248,0.7913561847988078,0.7309859154929581,0.2781104457751164,0.8902439024390245,0.4290322580645161,0.3251614250137938,0.808246398410333,0.6661971830985918,0.249500998003992,0.7392120075046906,0.3782258064516129,0.2545295933431754,0.8941877794336807,0.552112676056338,0.1543579507651364,0.7485928705440901,0.3266129032258064,0.1794166331141234,0.9493293591654249,0.4197183098591551,0.09314703925482358,0.7570356472795496,0.2758064516129032,0.08511907424805022,0.8753104818678588,0.2253521126760561,0.1630073186959414,0.5844277673545966,0.1032258064516129,0.151769337449112,0.7983109786388475,0.3028169014084506,0.2215568862275448,0.551594746716698,0.08870967741935484,0.06451781267242279,0.6517635370094386,0.4676056338028171,0.307385229540918,0.4427767354596622,0.08709677419354839
2025-05-01,TEST,114,0.09193548387096774,0.4999999999999999,-0.8660254037844386,0.188267048420048,0.3825136612021858,0.9549295774647891,0.642049234863606,1.043151969981238,0.257258064516129,0.1027080630489569,0.573770491803279,0.9000000000000004,0.4597471723220223,0.9812382739212008,0.3362903225806452,0.3639481650486885,0.727272727272727,0.7704225352112677,0.300731869594145,0.9699812382739211,0.3967741935483871,0.1383930568603767,0.6631892697466469,0.8492957746478877,0.5894876912840984,1.00093808630394,0.4290322580645161,0.4262962465888248,0.7913561847988078,0.7309859154929581,0.2781104457751164,0.8902439024390245,0.4290322580645161,0.3251614250137938,0.808246398410333,0.6661971830985918,0.249500998003992,0.7392120075046906,0.3782258064516129,0.2545295933431754,0.8941877794336807,0.552112676056338,0.1543579507651364,0.7485928705440901,0.3266129032258064,0.1794166331141234,0.9493293591654249,0.4197183098591551,0.09314703925482358,0.7570356472795496,0.2758064516129032,0.08511907424805022,0.8753104818678588,0.2253521126760561,0.1630073186959414,0.5844277673545966,0.1032258064516129,0.151769337449112,0.7983109786388475,0.3028169014084506,0.2215568862275448,0.551594746716698,0.08870967741935484,0.06451781267242279,0.6517635370094386,0.4676056338028171,0.307385229540918,0.4427767354596622,0.08709677419354839,0.03100254999328949,0.3119721808246397,0.8535211267605635,0.5276114437791084,0.8358348968105065,0.08387096774193549
2025-06-01,TEST,144,0.1161290322580645,1.224646799147353e-16,-1.0,0.1027080630489569,0.573770491803279,0.9000000000000004,0.4597471723220223,0.9812382739212008,0.3362903225806452,0.3639481650486885,0.727272727272727,0.7704225352112677,0.300731869594145,0.9699812382739211,0.3967741935483871,0.1383930568603767,0.6631892697466469,0.8492957746478877,0.5894876912840984,1.00093808630394,0.4290322580645161,0.4262962465888248,0.7913561847988078,0.7309859154929581,0.2781104457751164,0.8902439024390245,0.4290322580645161,0.3251614250137938,0.808246398410333,0.6661971830985918,0.249500998003992,0.7392120075046906,0.3782258064516129,0.2545295933431754,0.8941877794336807,0.552112676056338,0.1543579507651364,0.7485928705440901,0.3266129032258064,0.1794166331141234,0.9493293591654249,0.4197183098591551,0.09314703925482358,0.7570356472795496,0.2758064516129032,0.08511907424805022,0.8753104818678588,0.2253521126760561,0.1630073186959414,0.5844277673545966,0.1032258064516129,0.151769337449112,0.7983109786388475,0.3028169014084506,0.2215568862275448,0.551594746716698,0.08870967741935484,0.06451781267242279,0.6517635370094386,0.4676056338028171,0.307385229540918,0.4427767354596622,0.08709677419354839,0.03100254999328949,0.3119721808246397,0.8535211267605635,0.5276114437791084,0.8358348968105065,0.08387096774193549,0.1420465560178351,0.4560357675111775,0.8605633802816903,0.4397870924817032,0.9061913696060038,0.09193548387096774
2025-07-01,TEST,167,0.1346774193548387,-0.4999999999999997,-0.8660254037844387,0.3639481650486885,0.727272727272727,0.7704225352112677,0.300731869594145,0.9699812382739211,0.3967741935483871,0.1383930568603767,0.6631892697466469,0.8492957746478877,0.5894876912840984,1.00093808630394,0.4290322580645161,0.4262962465888248,0.7913561847988078,0.7309859154929581,0.2781104457751164,0.8902439024390245,0.4290322580645161,0.3251614250137938,0.808246398410333,0.6661971830985918,0.249500998003992,0.7392120075046906,0.3782258064516129,0.2545295933431754,0.8941877794336807,0.552112676056338,0.1543579507651364,0.7485928705440901,0.3266129032258064,0.1794166331141234,0.9493293591654249,0.4197183098591551,0.09314703925482358,0.7570356472795496,0.2758064516129032,0.08511907424805022,0.8753104818678588,0.2253521126760561,0.1630073186959414,0.5844277673545966,0.1032258064516129,0.151769337449112,0.7983109786388475,0.3028169014084506,0.2215568862275448,0.551594746716698,0.08870967741935484,0.06451781267242279,0.6517635370094386,0.4676056338028171,0.307385229540918,0.4427767354596622,0.08709677419354839,0.03100254999328949,0.3119721808246397,0.8535211267605635,0.5276114437791084,0.8358348968105065,0.08387096774193549,0.1420465560178351,0.4560357675111775,0.8605633802816903,0.4397870924817032,0.9061913696060038,0.09193548387096774,0.2403405955949239,0.6184798807749626,0.8014084507042257,0.3233532934131736,0.925891181988743,0.1161290322580645
2025-08-01,TEST,181,0.1459677419354839,-0.8660254037844383,-0.5000000000000003,0.1383930568603767,0.6631892697466469,0.8492957746478877,0.5894876912840984,1.00093808630394,0.4290322580645161,0.4262962465888248,0.7913561847988078,0.7309859154929581,0.2781104457751164,0.8902439024390245,0.4290322580645161,0.3251614250137938,0.808246398410333,0.6661971830985918,0.249500998003992,0.7392120075046906,0.3782258064516129,0.2545295933431754,0.8941877794336807,0.552112676056338,0.1543579507651364,0.7485928705440901,0.3266129032258064,0.1794166331141234,0.9493293591654249,0.4197183098591551,0.09314703925482358,0.7570356472795496,0.2758064516129032,0.08511907424805022,0.8753104818678588,0.2253521126760561,0.1630073186959414,0.5844277673545966,0.1032258064516129,0.151769337449112,0.7983109786388475,0.3028169014084506,0.2215568862275448,0.551594746716698,0.08870967741935484,0.06451781267242279,0.6517635370094386,0.4676056338028171,0.307385229540918,0.4427767354596622,0.08709677419354839,0.03100254999328949,0.3119721808246397,0.8535211267605635,0.5276114437791084,0.8358348968105065,0.08387096774193549,0.1420465560178351,0.4560357675111775,0.8605633802816903,0.4397870924817032,0.9061913696060038,0.09193548387096774,0.2403405955949239,0.6184798807749626,0.8014084507042257,0.3233532934131736,0.925891181988743,0.1161290322580645,0.4375027960452735,0.7694982613015401,0.7718309859154933,0.3759148369926812,0.9390243902439026,0.1346774193548387
2025-09-01,TEST,181,0.1459677419354839,-1.0,-1.83697019872103e-16,0.4262962465888248,0.7913561847988078,0.7309859154929581,0.2781104457751164,0.8902439024390245,0.4290322580645161,0.3251614250137938,0.808246398410333,0.6661971830985918,0.249500998003992,0.7392120075046906,0.3782258064516129,0.2545295933431754,0.8941877794336807,0.552112676056338,0.1543579507651364,0.7485928705440901,0.3266129032258064,0.1794166331141234,0.9493293591654249,0.4197183098591551,0.09314703925482358,0.7570356472795496,0.2758064516129032,0.08511907424805022,0.8753104818678588,0.2253521126760561,0.1630073186959414,0.5844277673545966,0.1032258064516129,0.151769337449112,0.7983109786388475,0.3028169014084506,0.2215568862275448,0.551594746716698,0.08870967741935484,0.06451781267242279,0.6517635370094386,0.4676056338028171,0.307385229540918,0.4427767354596622,0.08709677419354839,0.03100254999328949,0.3119721808246397,0.8535211267605635,0.5276114437791084,0.8358348968105065,0.08387096774193549,0.1420465560178351,0.4560357675111775,0.8605633802816903,0.4397870924817032,0.9061913696060038,0.09193548387096774,0.2403405955949239,0.6184798807749626,0.8014084507042257,0.3233532934131736,0.925891181988743,0.1161290322580645,0.4375027960452735,0.7694982613015401,0.7718309859154933,0.3759148369926812,0.9390243902439026,0.1346774193548387,0.2374028840274982,0.728266269249876,0.7112676056338031,0.3486360612109114,0.8114446529080677,0.1459677419354839
2025-10-01,TEST,161,0.1298387096774194,-0.8660254037844385,0.5,0.3251614250137938,0.808246398410333,0.6661971830985918,0.249500998003992,0.7392120075046906,0.3782258064516129,0.2545295933431754,0.8941877794336807,0.552112676056338,0.1543579507651364,0.7485928705440901,0.3266129032258064,0.1794166331141234,0.9493293591654249,0.4197183098591551,0.09314703925482358,0.7570356472795496,0.2758064516129032,0.08511907424805022,0.8753104818678588,0.2253521126760561,0.1630073186959414,0.5844277673545966,0.1032258064516129,0.151769337449112,0.7983109786388475,0.3028169014084506,0.2215568862275448,0.551594746716698,0.08870967741935484,0.06451781267242279,0.6517635370094386,0.4676056338028171,0.307385229540918,0.4427767354596622,0.08709677419354839,0.03100254999328949,0.3119721808246397,0.8535211267605635,0.5276114437791084,0.8358348968105065,0.08387096774193549,0.1420465560178351,0.4560357675111775,0.8605633802816903,0.4397870924817032,0.9061913696060038,0.09193548387096774,0.2403405955949239,0.6184798807749626,0.8014084507042257,0.3233532934131736,0.925891181988743,0.1161290322580645,0.4375027960452735,0.7694982613015401,0.7718309859154933,0.3759148369926812,0.9390243902439026,0.1346774193548387,0.2374028840274982,0.728266269249876,0.7112676056338031,0.3486360612109114,0.8114446529080677,0.1459677419354839,0.3928406328755275,0.8181818181818185,0.6619718309859156,0.2521623419827012,0.8714821763602254,0.1459677419354839
2025-11-01,TEST,140,0.1129032258064516,-0.5000000000000003,0.8660254037844383,0.2545295933431754,0.8941877794336807,0.552112676056338,0.1543579507651364,0.7485928705440901,0.3266129032258064,0.1794166331141234,0.9493293591654249,0.4197183098591551,0.09314703925482358,0.7570356472795496,0.2758064516129032,0.08511907424805022,0.8753104818678588,0.2253521126760561,0.1630073186959414,0.5844277673545966,0.1032258064516129,0.151769337449112,0.7983109786388475,0.3028169014084506,0.2215568862275448,0.551594746716698,0.08870967741935484,0.06451781267242279,0.6517635370094386,0.4676056338028171,0.307385229540918,0.4427767354596622,0.08709677419354839,0.03100254999328949,0.3119721808246397,0.8535211267605635,0.5276114437791084,0.8358348968105065,0.08387096774193549,0.1420465560178351,0.4560357675111775,0.8605633802816903,0.4397870924817032,0.9061913696060038,0.09193548387096774,0.2403405955949239,0.6184798807749626,0.8014084507042257,0.3233532934131736,0.925891181988743,0.1161290322580645,0.4375027960452735,0.7694982613015401,0.7718309859154933,0.3759148369926812,0.9390243902439026,0.1346774193548387,0.2374028840274982,0.728266269249876,0.7112676056338031,0.3486360612109114,0.8114446529080677,0.1459677419354839,0.3928406328755275,0.8181818181818185,0.6619718309859156,0.2521623419827012,0.8714821763602254,0.1459677419354839,0.2102924290550113,0.8852459016393442,0.6408450704225355,0.2015968063872254,0.8893058161350844,0.1298387096774194
2025-12-01,TEST,121,0.09758064516129032,-2.449293598294706e-16,1.0,0.1794166331141234,0.9493293591654249,0.4197183098591551,0.09314703925482358,0.7570356472795496,0.2758064516129032,0.08511907424805022,0.8753104818678588,0.2253521126760561,0.1630073186959414,0.5844277673545966,0.1032258064516129,0.151769337449112,0.7983109786388475,0.3028169014084506,0.2215568862275448,0.551594746716698,0.08870967741935484,0.06451781267242279,0.6517635370094386,0.4676056338028171,0.307385229540918,0.4427767354596622,0.08709677419354839,0.03100254999328949,0.3119721808246397,0.8535211267605635,0.5276114437791084,0.8358348968105065,0.08387096774193549,0.1420465560178351,0.4560357675111775,0.8605633802816903,0.4397870924817032,0.9061913696060038,0.09193548387096774,0.2403405955949239,0.6184798807749626,0.8014084507042257,0.3233532934131736,0.925891181988743,0.1161290322580645,0.4375027960452735,0.7694982613015401,0.7718309859154933,0.3759148369926812,0.9390243902439026,0.1346774193548387,0.2374028840274982,0.728266269249876,0.7112676056338031,0.3486360612109114,0.8114446529080677,0.1459677419354839,0.3928406328755275,0.8181818181818185,0.6619718309859156,0.2521623419827012,0.8714821763602254,0.1459677419354839,0.2102924290550113,0.8852459016393442,0.6408450704225355,0.2015968063872254,0.8893058161350844,0.1298387096774194,0.3968371135865431,0.9319423745653251,0.6014084507042254,0.2694610778443112,0.8386491557223266,0.1129032258064516
